company_id,year,cfo_sign,cfi_sign,cff_sign,capital_alloc_pattern
ABB,2012-12,1.0,-1.0,-1.0,Reinvestor — ops funding growth + returning capital
ABB,2014-03,1.0,1.0,1.0,"Cash Accumulator — ops positive, selling assets, raising funds"
ABB,2015-03,-1.0,-1.0,1.0,Startup / Distress — investing while losing cash
ABB,2016-03,1.0,-1.0,-1.0,Reinvestor — ops funding growth + returning capital
ABB,2017-03,1.0,-1.0,-1.0,Reinvestor — ops funding growth + returning capital
ABB,2018-03,1.0,-1.0,1.0,Leveraged Growth — borrowing to invest
ABB,2019-03,1.0,-1.0,1.0,Leveraged Growth — borrowing to invest
ABB,2020-03,1.0,-1.0,1.0,Leveraged Growth — borrowing to invest
ABB,2021-03,1.0,-1.0,-1.0,Reinvestor — ops funding growth + returning capital
ABB,2022-03,1.0,-1.0,-1.0,Reinvestor — ops funding growth + returning capital
ABB,2023-03,1.0,-1.0,1.0,Leveraged Growth — borrowing to invest
ABB,2024-03,1.0,-1.0,-1.0,Reinvestor — ops funding growth + returning capital
ADANIENSOL,2014-03,1.0,1.0,1.0,"Cash Accumulator — ops positive, selling assets, raising funds"
ADANIENSOL,2015-03,-1.0,-1.0,1.0,Startup / Distress — investing while losing cash
ADANIENSOL,2016-03,1.0,-1.0,-1.0,Reinvestor — ops funding growth + returning capital
ADANIENSOL,2017-03,1.0,-1.0,-1.0,Reinvestor — ops funding growth + returning capital
ADANIENSOL,2018-03,1.0,-1.0,1.0,Leveraged Growth — borrowing to invest
ADANIENSOL,2019-03,1.0,-1.0,1.0,Leveraged Growth — borrowing to invest
ADANIENSOL,2020-03,1.0,-1.0,1.0,Leveraged Growth — borrowing to invest
ADANIENSOL,2021-03,1.0,-1.0,-1.0,Reinvestor — ops funding growth + returning capital
ADANIENSOL,2022-03,1.0,-1.0,-1.0,Reinvestor — ops funding growth + returning capital
ADANIENSOL,2023-03,1.0,-1.0,1.0,Leveraged Growth — borrowing to invest
ADANIENSOL,2024-03,1.0,-1.0,-1.0,Reinvestor — ops funding growth + returning capital
ADANIENT,2013-03,1.0,-1.0,1.0,Leveraged Growth — borrowing to invest
ADANIENT,2014-03,1.0,-1.0,-1.0,Reinvestor — ops funding growth + returning capital
ADANIENT,2015-03,1.0,-1.0,1.0,Leveraged Growth — borrowing to invest
ADANIENT,2016-03,1.0,-1.0,-1.0,Reinvestor — ops funding growth + returning capital
ADANIENT,2017-03,1.0,-1.0,1.0,Leveraged Growth — borrowing to invest
ADANIENT,2018-03,1.0,-1.0,1.0,Leveraged Growth — borrowing to invest
ADANIENT,2019-03,1.0,1.0,-1.0,Asset Harvester — divesting + returning capital
ADANIENT,2020-03,1.0,-1.0,-1.0,Reinvestor — ops funding growth + returning capital
ADANIENT,2021-03,1.0,-1.0,1.0,Leveraged Growth — borrowing to invest
ADANIENT,2022-03,1.0,-1.0,1.0,Leveraged Growth — borrowing to invest
ADANIENT,2023-03,1.0,-1.0,-1.0,Reinvestor — ops funding growth + returning capital
ADANIENT,2024-03,1.0,-1.0,1.0,Leveraged Growth — borrowing to invest
ADANIGREEN,2017-03,1.0,-1.0,1.0,Leveraged Growth — borrowing to invest
ADANIGREEN,2018-03,1.0,-1.0,1.0,Leveraged Growth — borrowing to invest
ADANIGREEN,2019-03,1.0,-1.0,1.0,Leveraged Growth — borrowing to invest
ADANIGREEN,2020-03,1.0,-1.0,1.0,Leveraged Growth — borrowing to invest
ADANIGREEN,2021-03,1.0,-1.0,1.0,Leveraged Growth — borrowing to invest
ADANIGREEN,2022-03,1.0,-1.0,1.0,Leveraged Growth — borrowing to invest
ADANIGREEN,2023-03,1.0,-1.0,-1.0,Reinvestor — ops funding growth + returning capital
ADANIGREEN,2024-03,1.0,-1.0,1.0,Leveraged Growth — borrowing to invest
ADANIPORTS,2013-03,1.0,-1.0,1.0,Leveraged Growth — borrowing to invest
ADANIPORTS,2014-03,1.0,-1.0,1.0,Leveraged Growth — borrowing to invest
ADANIPORTS,2015-03,1.0,-1.0,-1.0,Reinvestor — ops funding growth + returning capital
ADANIPORTS,2016-03,1.0,-1.0,1.0,Leveraged Growth — borrowing to invest
ADANIPORTS,2017-03,1.0,-1.0,-1.0,Reinvestor — ops funding growth + returning capital
ADANIPORTS,2018-03,1.0,-1.0,-1.0,Reinvestor — ops funding growth + returning capital
ADANIPORTS,2019-03,1.0,-1.0,1.0,Leveraged Growth — borrowing to invest
ADANIPORTS,2020-03,1.0,-1.0,-1.0,Reinvestor — ops funding growth + returning capital
ADANIPORTS,2021-03,1.0,-1.0,1.0,Leveraged Growth — borrowing to invest
ADANIPORTS,2022-03,1.0,-1.0,-1.0,Reinvestor — ops funding growth + returning capital
ADANIPORTS,2023-03,1.0,-1.0,-1.0,Reinvestor — ops funding growth + returning capital
ADANIPORTS,2024-03,1.0,-1.0,-1.0,Reinvestor — ops funding growth + returning capital
ADANIPOWER,2013-03,1.0,-1.0,1.0,Leveraged Growth — borrowing to invest
ADANIPOWER,2014-03,1.0,-1.0,1.0,Leveraged Growth — borrowing to invest
ADANIPOWER,2015-03,1.0,-1.0,-1.0,Reinvestor — ops funding growth + returning capital
ADANIPOWER,2016-03,1.0,-1.0,-1.0,Reinvestor — ops funding growth + returning capital
ADANIPOWER,2017-03,1.0,-1.0,-1.0,Reinvestor — ops funding growth + returning capital
ADANIPOWER,2018-03,1.0,-1.0,-1.0,Reinvestor — ops funding growth + returning capital
ADANIPOWER,2019-03,1.0,-1.0,-1.0,Reinvestor — ops funding growth + returning capital
ADANIPOWER,2020-03,1.0,-1.0,-1.0,Reinvestor — ops funding growth + returning capital
ADANIPOWER,2021-03,1.0,-1.0,-1.0,Reinvestor — ops funding growth + returning capital
ADANIPOWER,2022-03,1.0,1.0,-1.0,Asset Harvester — divesting + returning capital
ADANIPOWER,2023-03,1.0,1.0,-1.0,Asset Harvester — divesting + returning capital
ADANIPOWER,2024-03,1.0,1.0,-1.0,Asset Harvester — divesting + returning capital
AMBUJACEM,2012-12,1.0,-1.0,-1.0,Reinvestor — ops funding growth + returning capital
AMBUJACEM,2013-12,1.0,-1.0,-1.0,Reinvestor — ops funding growth + returning capital
AMBUJACEM,2014-12,1.0,-1.0,-1.0,Reinvestor — ops funding growth + returning capital
AMBUJACEM,2015-12,1.0,-1.0,-1.0,Reinvestor — ops funding growth + returning capital
AMBUJACEM,2016-12,1.0,-1.0,-1.0,Reinvestor — ops funding growth + returning capital
AMBUJACEM,2017-12,1.0,-1.0,-1.0,Reinvestor — ops funding growth + returning capital
AMBUJACEM,2018-12,1.0,-1.0,-1.0,Reinvestor — ops funding growth + returning capital
AMBUJACEM,2019-12,1.0,-1.0,-1.0,Reinvestor — ops funding growth + returning capital
AMBUJACEM,2020-12,1.0,-1.0,-1.0,Reinvestor — ops funding growth + returning capital
AMBUJACEM,2021-12,1.0,-1.0,-1.0,Reinvestor — ops funding growth + returning capital
AMBUJACEM,2023-03,1.0,-1.0,1.0,Leveraged Growth — borrowing to invest
AMBUJACEM,2024-03,1.0,-1.0,1.0,Leveraged Growth — borrowing to invest
APOLLOHOSP,2013-03,1.0,-1.0,1.0,Leveraged Growth — borrowing to invest
APOLLOHOSP,2014-03,1.0,-1.0,-1.0,Reinvestor — ops funding growth + returning capital
APOLLOHOSP,2015-03,1.0,-1.0,1.0,Leveraged Growth — borrowing to invest
APOLLOHOSP,2016-03,1.0,-1.0,1.0,Leveraged Growth — borrowing to invest
APOLLOHOSP,2017-03,1.0,-1.0,1.0,Leveraged Growth — borrowing to invest
APOLLOHOSP,2018-03,1.0,-1.0,-1.0,Reinvestor — ops funding growth + returning capital
APOLLOHOSP,2019-03,1.0,-1.0,-1.0,Reinvestor — ops funding growth + returning capital
APOLLOHOSP,2020-03,1.0,-1.0,-1.0,Reinvestor — ops funding growth + returning capital
APOLLOHOSP,2021-03,1.0,-1.0,-1.0,Reinvestor — ops funding growth + returning capital
APOLLOHOSP,2022-03,1.0,-1.0,-1.0,Reinvestor — ops funding growth + returning capital
APOLLOHOSP,2023-03,1.0,-1.0,-1.0,Reinvestor — ops funding growth + returning capital
APOLLOHOSP,2024-03,1.0,-1.0,-1.0,Reinvestor — ops funding growth + returning capital
ASIANPAINT,2013-03,1.0,-1.0,-1.0,Reinvestor — ops funding growth + returning capital
ASIANPAINT,2014-03,1.0,-1.0,-1.0,Reinvestor — ops funding growth + returning capital
ASIANPAINT,2015-03,1.0,-1.0,-1.0,Reinvestor — ops funding growth + returning capital
ASIANPAINT,2016-03,1.0,-1.0,-1.0,Reinvestor — ops funding growth + returning capital
ASIANPAINT,2017-03,1.0,-1.0,-1.0,Reinvestor — ops funding growth + returning capital
ASIANPAINT,2018-03,1.0,-1.0,-1.0,Reinvestor — ops funding growth + returning capital
ASIANPAINT,2019-03,1.0,-1.0,-1.0,Reinvestor — ops funding growth + returning capital
ASIANPAINT,2020-03,1.0,-1.0,-1.0,Reinvestor — ops funding growth + returning capital
ASIANPAINT,2021-03,1.0,-1.0,-1.0,Reinvestor — ops funding growth + returning capital
ASIANPAINT,2022-03,1.0,-1.0,-1.0,Reinvestor — ops funding growth + returning capital
ASIANPAINT,2023-03,1.0,-1.0,-1.0,Reinvestor — ops funding growth + returning capital
ASIANPAINT,2024-03,1.0,-1.0,-1.0,Reinvestor — ops funding growth + returning capital
ATGL,2018-03,,,,Insufficient Data
ATGL,2019-03,,,,Insufficient Data
ATGL,2020-03,,,,Insufficient Data
ATGL,2021-03,,,,Insufficient Data
ATGL,2022-03,,,,Insufficient Data
ATGL,2023-03,,,,Insufficient Data
ATGL,2024-03,,,,Insufficient Data
BAJAJ-AUTO,2013-03,1.0,-1.0,-1.0,Reinvestor — ops funding growth + returning capital
BAJAJ-AUTO,2014-03,1.0,-1.0,-1.0,Reinvestor — ops funding growth + returning capital
BAJAJ-AUTO,2015-03,1.0,-1.0,-1.0,Reinvestor — ops funding growth + returning capital
BAJAJ-AUTO,2016-03,1.0,-1.0,-1.0,Reinvestor — ops funding growth + returning capital
BAJAJ-AUTO,2017-03,1.0,-1.0,-1.0,Reinvestor — ops funding growth + returning capital
BAJAJ-AUTO,2018-03,1.0,-1.0,-1.0,Reinvestor — ops funding growth + returning capital
BAJAJ-AUTO,2019-03,1.0,-1.0,-1.0,Reinvestor — ops funding growth + returning capital
BAJAJ-AUTO,2020-03,1.0,1.0,-1.0,Asset Harvester — divesting + returning capital
BAJAJ-AUTO,2021-03,1.0,-1.0,-1.0,Reinvestor — ops funding growth + returning capital
BAJAJ-AUTO,2022-03,1.0,1.0,-1.0,Asset Harvester — divesting + returning capital
BAJAJ-AUTO,2023-03,1.0,1.0,-1.0,Asset Harvester — divesting + returning capital
BAJAJ-AUTO,2024-03,1.0,-1.0,-1.0,Reinvestor — ops funding growth + returning capital
AXISBANK,2013-03,1.0,-1.0,1.0,Leveraged Growth — borrowing to invest
AXISBANK,2014-03,1.0,-1.0,1.0,Leveraged Growth — borrowing to invest
AXISBANK,2015-03,-1.0,-1.0,1.0,Startup / Distress — investing while losing cash
AXISBANK,2016-03,-1.0,1.0,1.0,"Distress — burning cash, raising funds to survive"
AXISBANK,2017-03,1.0,-1.0,-1.0,Reinvestor — ops funding growth + returning capital
AXISBANK,2018-03,-1.0,-1.0,1.0,Startup / Distress — investing while losing cash
AXISBANK,2019-03,1.0,-1.0,1.0,Leveraged Growth — borrowing to invest
AXISBANK,2020-03,1.0,-1.0,1.0,Leveraged Growth — borrowing to invest
AXISBANK,2021-03,1.0,-1.0,1.0,Leveraged Growth — borrowing to invest
AXISBANK,2022-03,1.0,-1.0,1.0,Leveraged Growth — borrowing to invest
AXISBANK,2023-03,1.0,-1.0,1.0,Leveraged Growth — borrowing to invest
AXISBANK,2024-03,-1.0,-1.0,1.0,Startup / Distress — investing while losing cash
BAJAJFINSV,2013-03,-1.0,1.0,1.0,"Distress — burning cash, raising funds to survive"
BAJAJFINSV,2014-03,-1.0,1.0,1.0,"Distress — burning cash, raising funds to survive"
BAJAJFINSV,2015-03,-1.0,1.0,1.0,"Distress — burning cash, raising funds to survive"
BAJAJFINSV,2016-03,-1.0,-1.0,1.0,Startup / Distress — investing while losing cash
BAJAJFINSV,2017-03,-1.0,1.0,1.0,"Distress — burning cash, raising funds to survive"
BAJAJFINSV,2018-03,-1.0,-1.0,1.0,Startup / Distress — investing while losing cash
BAJAJFINSV,2019-03,-1.0,-1.0,1.0,Startup / Distress — investing while losing cash
BAJAJFINSV,2020-03,-1.0,-1.0,1.0,Startup / Distress — investing while losing cash
BAJAJFINSV,2021-03,1.0,-1.0,1.0,Leveraged Growth — borrowing to invest
BAJAJFINSV,2022-03,-1.0,1.0,1.0,"Distress — burning cash, raising funds to survive"
BAJAJFINSV,2023-03,-1.0,-1.0,1.0,Startup / Distress — investing while losing cash
BAJAJFINSV,2024-03,-1.0,-1.0,1.0,Startup / Distress — investing while losing cash
BAJAJHLDNG,2013-03,1.0,-1.0,-1.0,Reinvestor — ops funding growth + returning capital
BAJAJHLDNG,2014-03,1.0,-1.0,-1.0,Reinvestor — ops funding growth + returning capital
BAJAJHLDNG,2015-03,1.0,-1.0,-1.0,Reinvestor — ops funding growth + returning capital
BAJAJHLDNG,2016-03,1.0,1.0,-1.0,Asset Harvester — divesting + returning capital
BAJAJHLDNG,2017-03,-1.0,-1.0,-1.0,Deep Distress — negative on all three flows
BAJAJHLDNG,2018-03,1.0,-1.0,-1.0,Reinvestor — ops funding growth + returning capital
BAJAJHLDNG,2019-03,1.0,-1.0,-1.0,Reinvestor — ops funding growth + returning capital
BAJAJHLDNG,2020-03,1.0,-1.0,-1.0,Reinvestor — ops funding growth + returning capital
BAJAJHLDNG,2021-03,1.0,-1.0,-1.0,Reinvestor — ops funding growth + returning capital
BAJAJHLDNG,2022-03,1.0,-1.0,-1.0,Reinvestor — ops funding growth + returning capital
BAJAJHLDNG,2023-03,1.0,-1.0,-1.0,Reinvestor — ops funding growth + returning capital
BAJAJHLDNG,2024-03,1.0,-1.0,-1.0,Reinvestor — ops funding growth + returning capital
BAJFINANCE,2015-03,-1.0,-1.0,1.0,Startup / Distress — investing while losing cash
BAJFINANCE,2016-03,-1.0,-1.0,1.0,Startup / Distress — investing while losing cash
BAJFINANCE,2017-03,-1.0,-1.0,1.0,Startup / Distress — investing while losing cash
BAJFINANCE,2018-03,-1.0,1.0,1.0,"Distress — burning cash, raising funds to survive"
BAJFINANCE,2019-03,-1.0,-1.0,1.0,Startup / Distress — investing while losing cash
BAJFINANCE,2020-03,-1.0,-1.0,1.0,Startup / Distress — investing while losing cash
BAJFINANCE,2021-03,-1.0,-1.0,1.0,Startup / Distress — investing while losing cash
BAJFINANCE,2022-03,-1.0,1.0,1.0,"Distress — burning cash, raising funds to survive"
BAJFINANCE,2023-03,-1.0,-1.0,1.0,Startup / Distress — investing while losing cash
BAJFINANCE,2024-03,-1.0,-1.0,1.0,Startup / Distress — investing while losing cash
BANKBARODA,2013-03,1.0,-1.0,-1.0,Reinvestor — ops funding growth + returning capital
BANKBARODA,2014-03,1.0,-1.0,1.0,Leveraged Growth — borrowing to invest
BANKBARODA,2015-03,1.0,-1.0,-1.0,Reinvestor — ops funding growth + returning capital
BANKBARODA,2016-03,-1.0,-1.0,-1.0,Deep Distress — negative on all three flows
BANKBARODA,2017-03,1.0,-1.0,-1.0,Reinvestor — ops funding growth + returning capital
BANKBARODA,2018-03,-1.0,-1.0,1.0,Startup / Distress — investing while losing cash
BANKBARODA,2019-03,-1.0,-1.0,1.0,Startup / Distress — investing while losing cash
BANKBARODA,2020-03,1.0,-1.0,1.0,Leveraged Growth — borrowing to invest
BANKBARODA,2021-03,-1.0,-1.0,-1.0,Deep Distress — negative on all three flows
BANKBARODA,2022-03,1.0,-1.0,-1.0,Reinvestor — ops funding growth + returning capital
BANKBARODA,2023-03,-1.0,-1.0,-1.0,Deep Distress — negative on all three flows
BANKBARODA,2024-03,-1.0,-1.0,1.0,Startup / Distress — investing while losing cash
BHARTIARTL,2013-03,1.0,-1.0,-1.0,Reinvestor — ops funding growth + returning capital
BHARTIARTL,2014-03,1.0,-1.0,1.0,Leveraged Growth — borrowing to invest
BHARTIARTL,2015-03,1.0,-1.0,-1.0,Reinvestor — ops funding growth + returning capital
BHARTIARTL,2016-03,1.0,-1.0,-1.0,Reinvestor — ops funding growth + returning capital
BHARTIARTL,2017-03,1.0,-1.0,-1.0,Reinvestor — ops funding growth + returning capital
BHARTIARTL,2018-03,1.0,-1.0,1.0,Leveraged Growth — borrowing to invest
BHARTIARTL,2019-03,1.0,-1.0,1.0,Leveraged Growth — borrowing to invest
BHARTIARTL,2020-03,1.0,-1.0,1.0,Leveraged Growth — borrowing to invest
BHARTIARTL,2021-03,1.0,-1.0,-1.0,Reinvestor — ops funding growth + returning capital
BHARTIARTL,2022-03,1.0,-1.0,-1.0,Reinvestor — ops funding growth + returning capital
BHARTIARTL,2023-03,1.0,-1.0,-1.0,Reinvestor — ops funding growth + returning capital
BHARTIARTL,2024-03,1.0,-1.0,-1.0,Reinvestor — ops funding growth + returning capital
BEL,2013-03,-1.0,1.0,-1.0,Restructuring — selling assets to repay debt
BEL,2014-03,-1.0,1.0,-1.0,Restructuring — selling assets to repay debt
BEL,2015-03,1.0,-1.0,-1.0,Reinvestor — ops funding growth + returning capital
BEL,2016-03,1.0,-1.0,-1.0,Reinvestor — ops funding growth + returning capital
BEL,2017-03,-1.0,1.0,-1.0,Restructuring — selling assets to repay debt
BEL,2018-03,-1.0,-1.0,-1.0,Deep Distress — negative on all three flows
BEL,2019-03,1.0,-1.0,-1.0,Reinvestor — ops funding growth + returning capital
BEL,2020-03,1.0,-1.0,-1.0,Reinvestor — ops funding growth + returning capital
BEL,2021-03,1.0,-1.0,-1.0,Reinvestor — ops funding growth + returning capital
BEL,2022-03,1.0,-1.0,-1.0,Reinvestor — ops funding growth + returning capital
BEL,2023-03,1.0,1.0,-1.0,Asset Harvester — divesting + returning capital
BEL,2024-03,1.0,-1.0,-1.0,Reinvestor — ops funding growth + returning capital
BHEL,2013-03,1.0,-1.0,1.0,Leveraged Growth — borrowing to invest
BHEL,2014-03,1.0,-1.0,1.0,Leveraged Growth — borrowing to invest
BHEL,2015-03,1.0,1.0,-1.0,Asset Harvester — divesting + returning capital
BHEL,2016-03,1.0,1.0,-1.0,Asset Harvester — divesting + returning capital
BHEL,2017-03,1.0,-1.0,-1.0,Reinvestor — ops funding growth + returning capital
BHEL,2018-03,1.0,1.0,-1.0,Asset Harvester — divesting + returning capital
BHEL,2019-03,-1.0,1.0,-1.0,Restructuring — selling assets to repay debt
BHEL,2020-03,-1.0,1.0,1.0,"Distress — burning cash, raising funds to survive"
BHEL,2021-03,1.0,-1.0,-1.0,Reinvestor — ops funding growth + returning capital
BHEL,2022-03,1.0,-1.0,-1.0,Reinvestor — ops funding growth + returning capital
BHEL,2023-03,-1.0,1.0,1.0,"Distress — burning cash, raising funds to survive"
BHEL,2024-03,-1.0,1.0,1.0,"Distress — burning cash, raising funds to survive"
BOSCHLTD,2012-12,1.0,-1.0,-1.0,Reinvestor — ops funding growth + returning capital
BOSCHLTD,2013-12,1.0,-1.0,-1.0,Reinvestor — ops funding growth + returning capital
BOSCHLTD,2015-03,1.0,-1.0,-1.0,Reinvestor — ops funding growth + returning capital
BOSCHLTD,2016-03,1.0,-1.0,-1.0,Reinvestor — ops funding growth + returning capital
BOSCHLTD,2017-03,1.0,1.0,-1.0,Asset Harvester — divesting + returning capital
BOSCHLTD,2018-03,1.0,-1.0,-1.0,Reinvestor — ops funding growth + returning capital
BOSCHLTD,2019-03,1.0,1.0,-1.0,Asset Harvester — divesting + returning capital
BOSCHLTD,2020-03,1.0,-1.0,-1.0,Reinvestor — ops funding growth + returning capital
BOSCHLTD,2021-03,1.0,-1.0,-1.0,Reinvestor — ops funding growth + returning capital
BOSCHLTD,2022-03,1.0,-1.0,-1.0,Reinvestor — ops funding growth + returning capital
BOSCHLTD,2023-03,1.0,1.0,-1.0,Asset Harvester — divesting + returning capital
BOSCHLTD,2024-03,1.0,1.0,-1.0,Asset Harvester — divesting + returning capital
BPCL,2013-03,1.0,-1.0,-1.0,Reinvestor — ops funding growth + returning capital
BPCL,2014-03,1.0,-1.0,-1.0,Reinvestor — ops funding growth + returning capital
BPCL,2015-03,1.0,-1.0,-1.0,Reinvestor — ops funding growth + returning capital
BPCL,2016-03,1.0,-1.0,-1.0,Reinvestor — ops funding growth + returning capital
BPCL,2017-03,1.0,-1.0,1.0,Leveraged Growth — borrowing to invest
BPCL,2018-03,1.0,-1.0,-1.0,Reinvestor — ops funding growth + returning capital
BPCL,2019-03,1.0,-1.0,1.0,Leveraged Growth — borrowing to invest
BPCL,2020-03,1.0,-1.0,1.0,Leveraged Growth — borrowing to invest
BPCL,2021-03,1.0,-1.0,-1.0,Reinvestor — ops funding growth + returning capital
BPCL,2022-03,1.0,-1.0,-1.0,Reinvestor — ops funding growth + returning capital
BPCL,2023-03,1.0,-1.0,-1.0,Reinvestor — ops funding growth + returning capital
BPCL,2024-03,1.0,-1.0,-1.0,Reinvestor — ops funding growth + returning capital
BRITANNIA,2013-03,1.0,1.0,-1.0,Asset Harvester — divesting + returning capital
BRITANNIA,2014-03,1.0,-1.0,-1.0,Reinvestor — ops funding growth + returning capital
BRITANNIA,2015-03,1.0,-1.0,-1.0,Reinvestor — ops funding growth + returning capital
BRITANNIA,2016-03,1.0,-1.0,-1.0,Reinvestor — ops funding growth + returning capital
BRITANNIA,2017-03,1.0,-1.0,-1.0,Reinvestor — ops funding growth + returning capital
BRITANNIA,2018-03,1.0,-1.0,-1.0,Reinvestor — ops funding growth + returning capital
BRITANNIA,2019-03,1.0,-1.0,-1.0,Reinvestor — ops funding growth + returning capital
BRITANNIA,2020-03,1.0,-1.0,1.0,Leveraged Growth — borrowing to invest
BRITANNIA,2021-03,1.0,1.0,-1.0,Asset Harvester — divesting + returning capital
BRITANNIA,2022-03,1.0,1.0,-1.0,Asset Harvester — divesting + returning capital
BRITANNIA,2023-03,1.0,-1.0,-1.0,Reinvestor — ops funding growth + returning capital
BRITANNIA,2024-03,1.0,1.0,-1.0,Asset Harvester — divesting + returning capital
CANBK,2013-03,1.0,-1.0,-1.0,Reinvestor — ops funding growth + returning capital
CANBK,2014-03,1.0,-1.0,-1.0,Reinvestor — ops funding growth + returning capital
CANBK,2015-03,1.0,-1.0,-1.0,Reinvestor — ops funding growth + returning capital
CANBK,2016-03,1.0,-1.0,-1.0,Reinvestor — ops funding growth + returning capital
CANBK,2017-03,1.0,-1.0,1.0,Leveraged Growth — borrowing to invest
CANBK,2018-03,-1.0,-1.0,1.0,Startup / Distress — investing while losing cash
CANBK,2019-03,1.0,-1.0,-1.0,Reinvestor — ops funding growth + returning capital
CANBK,2020-03,-1.0,-1.0,1.0,Startup / Distress — investing while losing cash
CANBK,2021-03,1.0,-1.0,1.0,Leveraged Growth — borrowing to invest
CANBK,2022-03,1.0,-1.0,1.0,Leveraged Growth — borrowing to invest
CANBK,2023-03,-1.0,-1.0,1.0,Startup / Distress — investing while losing cash
CANBK,2024-03,1.0,-1.0,-1.0,Reinvestor — ops funding growth + returning capital
CHOLAFIN,2013-03,-1.0,1.0,1.0,"Distress — burning cash, raising funds to survive"
CHOLAFIN,2014-03,-1.0,-1.0,1.0,Startup / Distress — investing while losing cash
CHOLAFIN,2015-03,-1.0,-1.0,1.0,Startup / Distress — investing while losing cash
CHOLAFIN,2016-03,-1.0,-1.0,1.0,Startup / Distress — investing while losing cash
CHOLAFIN,2017-03,-1.0,-1.0,1.0,Startup / Distress — investing while losing cash
CHOLAFIN,2018-03,-1.0,-1.0,1.0,Startup / Distress — investing while losing cash
CHOLAFIN,2019-03,-1.0,-1.0,1.0,Startup / Distress — investing while losing cash
CHOLAFIN,2020-03,-1.0,-1.0,1.0,Startup / Distress — investing while losing cash
CHOLAFIN,2021-03,-1.0,-1.0,1.0,Startup / Distress — investing while losing cash
CHOLAFIN,2022-03,-1.0,1.0,1.0,"Distress — burning cash, raising funds to survive"
CHOLAFIN,2023-03,-1.0,-1.0,1.0,Startup / Distress — investing while losing cash
CHOLAFIN,2024-03,-1.0,-1.0,1.0,Startup / Distress — investing while losing cash
CIPLA,2013-03,1.0,-1.0,1.0,Leveraged Growth — borrowing to invest
CIPLA,2014-03,1.0,-1.0,-1.0,Reinvestor — ops funding growth + returning capital
CIPLA,2015-03,1.0,-1.0,1.0,Leveraged Growth — borrowing to invest
CIPLA,2016-03,1.0,-1.0,1.0,Leveraged Growth — borrowing to invest
CIPLA,2017-03,1.0,-1.0,-1.0,Reinvestor — ops funding growth + returning capital
CIPLA,2018-03,1.0,-1.0,-1.0,Reinvestor — ops funding growth + returning capital
CIPLA,2019-03,1.0,-1.0,-1.0,Reinvestor — ops funding growth + returning capital
CIPLA,2020-03,1.0,1.0,-1.0,Asset Harvester — divesting + returning capital
CIPLA,2021-03,1.0,-1.0,-1.0,Reinvestor — ops funding growth + returning capital
CIPLA,2022-03,1.0,-1.0,-1.0,Reinvestor — ops funding growth + returning capital
CIPLA,2023-03,1.0,-1.0,-1.0,Reinvestor — ops funding growth + returning capital
CIPLA,2024-03,1.0,-1.0,-1.0,Reinvestor — ops funding growth + returning capital
COALINDIA,2013-03,1.0,-1.0,-1.0,Reinvestor — ops funding growth + returning capital
COALINDIA,2014-03,1.0,1.0,-1.0,Asset Harvester — divesting + returning capital
COALINDIA,2015-03,1.0,1.0,-1.0,Asset Harvester — divesting + returning capital
COALINDIA,2016-03,1.0,1.0,-1.0,Asset Harvester — divesting + returning capital
COALINDIA,2017-03,1.0,1.0,-1.0,Asset Harvester — divesting + returning capital
COALINDIA,2018-03,1.0,-1.0,-1.0,Reinvestor — ops funding growth + returning capital
COALINDIA,2019-03,1.0,-1.0,-1.0,Reinvestor — ops funding growth + returning capital
COALINDIA,2020-03,1.0,1.0,-1.0,Asset Harvester — divesting + returning capital
COALINDIA,2021-03,1.0,1.0,-1.0,Asset Harvester — divesting + returning capital
COALINDIA,2022-03,1.0,-1.0,-1.0,Reinvestor — ops funding growth + returning capital
COALINDIA,2023-03,1.0,-1.0,-1.0,Reinvestor — ops funding growth + returning capital
COALINDIA,2024-03,1.0,-1.0,-1.0,Reinvestor — ops funding growth + returning capital
DABUR,2013-03,1.0,-1.0,-1.0,Reinvestor — ops funding growth + returning capital
DABUR,2014-03,1.0,-1.0,-1.0,Reinvestor — ops funding growth + returning capital
DABUR,2015-03,1.0,-1.0,-1.0,Reinvestor — ops funding growth + returning capital
DABUR,2016-03,1.0,-1.0,-1.0,Reinvestor — ops funding growth + returning capital
DABUR,2017-03,1.0,-1.0,-1.0,Reinvestor — ops funding growth + returning capital
DABUR,2018-03,1.0,-1.0,-1.0,Reinvestor — ops funding growth + returning capital
DABUR,2019-03,1.0,1.0,-1.0,Asset Harvester — divesting + returning capital
DABUR,2020-03,1.0,-1.0,-1.0,Reinvestor — ops funding growth + returning capital
DABUR,2021-03,1.0,-1.0,-1.0,Reinvestor — ops funding growth + returning capital
DABUR,2022-03,1.0,-1.0,-1.0,Reinvestor — ops funding growth + returning capital
DABUR,2023-03,1.0,-1.0,-1.0,Reinvestor — ops funding growth + returning capital
DABUR,2024-03,1.0,-1.0,-1.0,Reinvestor — ops funding growth + returning capital
DIVISLAB,2013-03,1.0,-1.0,-1.0,Reinvestor — ops funding growth + returning capital
DIVISLAB,2014-03,1.0,-1.0,-1.0,Reinvestor — ops funding growth + returning capital
DIVISLAB,2015-03,1.0,-1.0,-1.0,Reinvestor — ops funding growth + returning capital
DIVISLAB,2016-03,1.0,-1.0,-1.0,Reinvestor — ops funding growth + returning capital
DIVISLAB,2017-03,1.0,-1.0,1.0,Leveraged Growth — borrowing to invest
DIVISLAB,2018-03,1.0,-1.0,-1.0,Reinvestor — ops funding growth + returning capital
DIVISLAB,2019-03,1.0,-1.0,-1.0,Reinvestor — ops funding growth + returning capital
DIVISLAB,2020-03,1.0,-1.0,-1.0,Reinvestor — ops funding growth + returning capital
DIVISLAB,2021-03,1.0,1.0,-1.0,Asset Harvester — divesting + returning capital
DIVISLAB,2022-03,1.0,-1.0,-1.0,Reinvestor — ops funding growth + returning capital
DIVISLAB,2023-03,1.0,-1.0,-1.0,Reinvestor — ops funding growth + returning capital
DIVISLAB,2024-03,1.0,-1.0,-1.0,Reinvestor — ops funding growth + returning capital
DLF,2013-03,1.0,1.0,-1.0,Asset Harvester — divesting + returning capital
DLF,2014-03,1.0,1.0,-1.0,Asset Harvester — divesting + returning capital
DLF,2015-03,1.0,1.0,-1.0,Asset Harvester — divesting + returning capital
DLF,2016-03,1.0,-1.0,-1.0,Reinvestor — ops funding growth + returning capital
DLF,2017-03,-1.0,1.0,1.0,"Distress — burning cash, raising funds to survive"
DLF,2018-03,1.0,-1.0,-1.0,Reinvestor — ops funding growth + returning capital
DLF,2019-03,1.0,1.0,1.0,"Cash Accumulator — ops positive, selling assets, raising funds"
DLF,2020-03,1.0,1.0,-1.0,Asset Harvester — divesting + returning capital
DLF,2021-03,1.0,1.0,-1.0,Asset Harvester — divesting + returning capital
DLF,2022-03,1.0,1.0,-1.0,Asset Harvester — divesting + returning capital
DLF,2023-03,1.0,-1.0,-1.0,Reinvestor — ops funding growth + returning capital
DLF,2024-03,1.0,-1.0,1.0,Leveraged Growth — borrowing to invest
DMART,2013-03,1.0,-1.0,1.0,Leveraged Growth — borrowing to invest
DMART,2014-03,1.0,-1.0,1.0,Leveraged Growth — borrowing to invest
DMART,2015-03,1.0,-1.0,1.0,Leveraged Growth — borrowing to invest
DMART,2016-03,1.0,-1.0,1.0,Leveraged Growth — borrowing to invest
DMART,2017-03,1.0,-1.0,1.0,Leveraged Growth — borrowing to invest
DMART,2018-03,1.0,1.0,-1.0,Asset Harvester — divesting + returning capital
DMART,2019-03,1.0,-1.0,1.0,Leveraged Growth — borrowing to invest
DMART,2020-03,1.0,-1.0,1.0,Leveraged Growth — borrowing to invest
DMART,2021-03,1.0,-1.0,-1.0,Reinvestor — ops funding growth + returning capital
DMART,2022-03,1.0,-1.0,-1.0,Reinvestor — ops funding growth + returning capital
DMART,2023-03,1.0,-1.0,-1.0,Reinvestor — ops funding growth + returning capital
DMART,2024-03,1.0,-1.0,-1.0,Reinvestor — ops funding growth + returning capital
DRREDDY,2013-03,1.0,-1.0,-1.0,Reinvestor — ops funding growth + returning capital
DRREDDY,2014-03,1.0,-1.0,-1.0,Reinvestor — ops funding growth + returning capital
DRREDDY,2015-03,1.0,-1.0,-1.0,Reinvestor — ops funding growth + returning capital
DRREDDY,2016-03,1.0,-1.0,-1.0,Reinvestor — ops funding growth + returning capital
DRREDDY,2017-03,1.0,-1.0,-1.0,Reinvestor — ops funding growth + returning capital
DRREDDY,2018-03,1.0,-1.0,-1.0,Reinvestor — ops funding growth + returning capital
DRREDDY,2019-03,1.0,-1.0,-1.0,Reinvestor — ops funding growth + returning capital
DRREDDY,2020-03,1.0,-1.0,-1.0,Reinvestor — ops funding growth + returning capital
DRREDDY,2021-03,1.0,-1.0,-1.0,Reinvestor — ops funding growth + returning capital
DRREDDY,2022-03,1.0,-1.0,-1.0,Reinvestor — ops funding growth + returning capital
DRREDDY,2023-03,1.0,-1.0,-1.0,Reinvestor — ops funding growth + returning capital
DRREDDY,2024-03,1.0,-1.0,-1.0,Reinvestor — ops funding growth + returning capital
EICHERMOT,2012-12,1.0,-1.0,-1.0,Reinvestor — ops funding growth + returning capital
EICHERMOT,2013-12,1.0,-1.0,-1.0,Reinvestor — ops funding growth + returning capital
EICHERMOT,2014-12,1.0,-1.0,-1.0,Reinvestor — ops funding growth + returning capital
EICHERMOT,2016-03,1.0,-1.0,-1.0,Reinvestor — ops funding growth + returning capital
EICHERMOT,2017-03,1.0,-1.0,1.0,Leveraged Growth — borrowing to invest
EICHERMOT,2018-03,1.0,-1.0,-1.0,Reinvestor — ops funding growth + returning capital
EICHERMOT,2019-03,1.0,-1.0,-1.0,Reinvestor — ops funding growth + returning capital
EICHERMOT,2020-03,1.0,-1.0,-1.0,Reinvestor — ops funding growth + returning capital
EICHERMOT,2021-03,1.0,-1.0,-1.0,Reinvestor — ops funding growth + returning capital
EICHERMOT,2022-03,1.0,-1.0,-1.0,Reinvestor — ops funding growth + returning capital
EICHERMOT,2023-03,1.0,-1.0,-1.0,Reinvestor — ops funding growth + returning capital
EICHERMOT,2024-03,1.0,-1.0,-1.0,Reinvestor — ops funding growth + returning capital
GAIL,2013-03,1.0,-1.0,1.0,Leveraged Growth — borrowing to invest
GAIL,2014-03,1.0,-1.0,-1.0,Reinvestor — ops funding growth + returning capital
GAIL,2015-03,1.0,-1.0,-1.0,Reinvestor — ops funding growth + returning capital
GAIL,2016-03,1.0,-1.0,-1.0,Reinvestor — ops funding growth + returning capital
GAIL,2017-03,1.0,-1.0,-1.0,Reinvestor — ops funding growth + returning capital
GAIL,2018-03,1.0,-1.0,-1.0,Reinvestor — ops funding growth + returning capital
GAIL,2019-03,1.0,-1.0,-1.0,Reinvestor — ops funding growth + returning capital
GAIL,2020-03,1.0,-1.0,1.0,Leveraged Growth — borrowing to invest
GAIL,2021-03,1.0,-1.0,-1.0,Reinvestor — ops funding growth + returning capital
GAIL,2022-03,1.0,-1.0,-1.0,Reinvestor — ops funding growth + returning capital
GAIL,2023-03,1.0,-1.0,1.0,Leveraged Growth — borrowing to invest
GAIL,2024-03,1.0,-1.0,-1.0,Reinvestor — ops funding growth + returning capital
GODREJCP,2013-03,1.0,-1.0,1.0,Leveraged Growth — borrowing to invest
GODREJCP,2014-03,1.0,-1.0,-1.0,Reinvestor — ops funding growth + returning capital
GODREJCP,2015-03,1.0,-1.0,-1.0,Reinvestor — ops funding growth + returning capital
GODREJCP,2016-03,1.0,-1.0,-1.0,Reinvestor — ops funding growth + returning capital
GODREJCP,2017-03,1.0,-1.0,1.0,Leveraged Growth — borrowing to invest
GODREJCP,2018-03,1.0,-1.0,-1.0,Reinvestor — ops funding growth + returning capital
GODREJCP,2019-03,1.0,1.0,-1.0,Asset Harvester — divesting + returning capital
GODREJCP,2020-03,1.0,-1.0,-1.0,Reinvestor — ops funding growth + returning capital
GODREJCP,2021-03,1.0,-1.0,-1.0,Reinvestor — ops funding growth + returning capital
GODREJCP,2022-03,1.0,-1.0,-1.0,Reinvestor — ops funding growth + returning capital
GODREJCP,2023-03,1.0,-1.0,-1.0,Reinvestor — ops funding growth + returning capital
GODREJCP,2024-03,1.0,-1.0,1.0,Leveraged Growth — borrowing to invest
GRASIM,2013-03,1.0,-1.0,1.0,Leveraged Growth — borrowing to invest
GRASIM,2014-03,1.0,-1.0,-1.0,Reinvestor — ops funding growth + returning capital
GRASIM,2015-03,1.0,-1.0,-1.0,Reinvestor — ops funding growth + returning capital
GRASIM,2016-03,1.0,-1.0,-1.0,Reinvestor — ops funding growth + returning capital
GRASIM,2017-03,1.0,-1.0,-1.0,Reinvestor — ops funding growth + returning capital
GRASIM,2018-03,-1.0,1.0,1.0,"Distress — burning cash, raising funds to survive"
GRASIM,2019-03,-1.0,-1.0,1.0,Startup / Distress — investing while losing cash
GRASIM,2020-03,1.0,-1.0,-1.0,Reinvestor — ops funding growth + returning capital
GRASIM,2021-03,1.0,-1.0,-1.0,Reinvestor — ops funding growth + returning capital
GRASIM,2022-03,1.0,-1.0,-1.0,Reinvestor — ops funding growth + returning capital
GRASIM,2023-03,-1.0,-1.0,1.0,Startup / Distress — investing while losing cash
GRASIM,2024-03,-1.0,-1.0,1.0,Startup / Distress — investing while losing cash
HAL,2016-03,,,,Insufficient Data
HAL,2017-03,-1.0,1.0,-1.0,Restructuring — selling assets to repay debt
HAL,2018-03,-1.0,1.0,-1.0,Restructuring — selling assets to repay debt
HAL,2019-03,-1.0,1.0,1.0,"Distress — burning cash, raising funds to survive"
HAL,2020-03,1.0,-1.0,1.0,Leveraged Growth — borrowing to invest
HAL,2021-03,1.0,-1.0,-1.0,Reinvestor — ops funding growth + returning capital
HAL,2022-03,1.0,-1.0,-1.0,Reinvestor — ops funding growth + returning capital
HAL,2023-03,1.0,-1.0,-1.0,Reinvestor — ops funding growth + returning capital
HAL,2024-03,1.0,-1.0,-1.0,Reinvestor — ops funding growth + returning capital
HAVELLS,2013-03,1.0,-1.0,-1.0,Reinvestor — ops funding growth + returning capital
HAVELLS,2014-03,1.0,-1.0,-1.0,Reinvestor — ops funding growth + returning capital
HAVELLS,2015-03,1.0,-1.0,-1.0,Reinvestor — ops funding growth + returning capital
HAVELLS,2016-03,1.0,-1.0,-1.0,Reinvestor — ops funding growth + returning capital
HAVELLS,2017-03,1.0,-1.0,-1.0,Reinvestor — ops funding growth + returning capital
HAVELLS,2018-03,1.0,-1.0,-1.0,Reinvestor — ops funding growth + returning capital
HAVELLS,2019-03,1.0,1.0,-1.0,Asset Harvester — divesting + returning capital
HAVELLS,2020-03,1.0,-1.0,-1.0,Reinvestor — ops funding growth + returning capital
HAVELLS,2021-03,1.0,-1.0,1.0,Leveraged Growth — borrowing to invest
HAVELLS,2022-03,1.0,-1.0,-1.0,Reinvestor — ops funding growth + returning capital
HAVELLS,2023-03,1.0,1.0,-1.0,Asset Harvester — divesting + returning capital
HAVELLS,2024-03,1.0,-1.0,-1.0,Reinvestor — ops funding growth + returning capital
HCLTECH,2013-06,1.0,-1.0,-1.0,Reinvestor — ops funding growth + returning capital
HCLTECH,2014-06,1.0,-1.0,-1.0,Reinvestor — ops funding growth + returning capital
HCLTECH,2015-06,1.0,-1.0,-1.0,Reinvestor — ops funding growth + returning capital
HCLTECH,2016-03,1.0,-1.0,-1.0,Reinvestor — ops funding growth + returning capital
HCLTECH,2017-03,1.0,-1.0,-1.0,Reinvestor — ops funding growth + returning capital
HCLTECH,2018-03,1.0,-1.0,-1.0,Reinvestor — ops funding growth + returning capital
HCLTECH,2019-03,1.0,-1.0,-1.0,Reinvestor — ops funding growth + returning capital
HCLTECH,2020-03,1.0,-1.0,-1.0,Reinvestor — ops funding growth + returning capital
HCLTECH,2021-03,1.0,-1.0,-1.0,Reinvestor — ops funding growth + returning capital
HCLTECH,2022-03,1.0,1.0,-1.0,Asset Harvester — divesting + returning capital
HCLTECH,2023-03,1.0,-1.0,-1.0,Reinvestor — ops funding growth + returning capital
HCLTECH,2024-03,1.0,-1.0,-1.0,Reinvestor — ops funding growth + returning capital
HDFCBANK,2013-03,-1.0,-1.0,1.0,Startup / Distress — investing while losing cash
HDFCBANK,2014-03,1.0,-1.0,1.0,Leveraged Growth — borrowing to invest
HDFCBANK,2015-03,-1.0,-1.0,1.0,Startup / Distress — investing while losing cash
HDFCBANK,2016-03,-1.0,-1.0,1.0,Startup / Distress — investing while losing cash
HDFCBANK,2017-03,1.0,-1.0,-1.0,Reinvestor — ops funding growth + returning capital
HDFCBANK,2018-03,1.0,-1.0,1.0,Leveraged Growth — borrowing to invest
HDFCBANK,2019-03,-1.0,-1.0,1.0,Startup / Distress — investing while losing cash
HDFCBANK,2020-03,-1.0,-1.0,1.0,Startup / Distress — investing while losing cash
HDFCBANK,2021-03,1.0,-1.0,-1.0,Reinvestor — ops funding growth + returning capital
HDFCBANK,2022-03,-1.0,-1.0,1.0,Startup / Distress — investing while losing cash
HDFCBANK,2023-03,1.0,-1.0,1.0,Leveraged Growth — borrowing to invest
HDFCBANK,2024-03,1.0,1.0,-1.0,Asset Harvester — divesting + returning capital
HDFCLIFE,2013-03,,,,Insufficient Data
HDFCLIFE,2014-03,,,,Insufficient Data
HDFCLIFE,2015-03,1.0,-1.0,-1.0,Reinvestor — ops funding growth + returning capital
HDFCLIFE,2016-03,1.0,-1.0,-1.0,Reinvestor — ops funding growth + returning capital
HDFCLIFE,2017-03,1.0,-1.0,-1.0,Reinvestor — ops funding growth + returning capital
HDFCLIFE,2018-03,1.0,-1.0,-1.0,Reinvestor — ops funding growth + returning capital
HDFCLIFE,2019-03,1.0,-1.0,-1.0,Reinvestor — ops funding growth + returning capital
HDFCLIFE,2020-03,1.0,-1.0,1.0,Leveraged Growth — borrowing to invest
HDFCLIFE,2021-03,1.0,-1.0,1.0,Leveraged Growth — borrowing to invest
HDFCLIFE,2022-03,1.0,-1.0,-1.0,Reinvestor — ops funding growth + returning capital
HDFCLIFE,2023-03,1.0,-1.0,1.0,Leveraged Growth — borrowing to invest
HDFCLIFE,2024-03,1.0,-1.0,-1.0,Reinvestor — ops funding growth + returning capital
HEROMOTOCO,2014-03,1.0,-1.0,-1.0,Reinvestor — ops funding growth + returning capital
HEROMOTOCO,2015-03,1.0,1.0,-1.0,Asset Harvester — divesting + returning capital
HEROMOTOCO,2016-03,1.0,-1.0,-1.0,Reinvestor — ops funding growth + returning capital
HEROMOTOCO,2017-03,1.0,-1.0,-1.0,Reinvestor — ops funding growth + returning capital
HEROMOTOCO,2018-03,1.0,-1.0,-1.0,Reinvestor — ops funding growth + returning capital
HEROMOTOCO,2019-03,1.0,1.0,-1.0,Asset Harvester — divesting + returning capital
HEROMOTOCO,2020-03,1.0,-1.0,-1.0,Reinvestor — ops funding growth + returning capital
HEROMOTOCO,2021-03,1.0,-1.0,-1.0,Reinvestor — ops funding growth + returning capital
HEROMOTOCO,2022-03,1.0,-1.0,-1.0,Reinvestor — ops funding growth + returning capital
HEROMOTOCO,2023-03,1.0,-1.0,-1.0,Reinvestor — ops funding growth + returning capital
HEROMOTOCO,2024-03,1.0,-1.0,-1.0,Reinvestor — ops funding growth + returning capital
HINDALCO,2013-03,1.0,-1.0,1.0,Leveraged Growth — borrowing to invest
HINDALCO,2014-03,1.0,-1.0,1.0,Leveraged Growth — borrowing to invest
HINDALCO,2015-03,1.0,-1.0,-1.0,Reinvestor — ops funding growth + returning capital
HINDALCO,2016-03,1.0,-1.0,-1.0,Reinvestor — ops funding growth + returning capital
HINDALCO,2017-03,1.0,-1.0,-1.0,Reinvestor — ops funding growth + returning capital
HINDALCO,2018-03,1.0,1.0,-1.0,Asset Harvester — divesting + returning capital
HINDALCO,2019-03,1.0,-1.0,-1.0,Reinvestor — ops funding growth + returning capital
HINDALCO,2020-03,1.0,-1.0,1.0,Leveraged Growth — borrowing to invest
HINDALCO,2021-03,1.0,-1.0,-1.0,Reinvestor — ops funding growth + returning capital
HINDALCO,2022-03,1.0,-1.0,-1.0,Reinvestor — ops funding growth + returning capital
HINDALCO,2023-03,1.0,-1.0,-1.0,Reinvestor — ops funding growth + returning capital
HINDALCO,2024-03,1.0,-1.0,-1.0,Reinvestor — ops funding growth + returning capital
HINDUNILVR,2013-03,1.0,1.0,-1.0,Asset Harvester — divesting + returning capital
HINDUNILVR,2014-03,1.0,-1.0,-1.0,Reinvestor — ops funding growth + returning capital
HINDUNILVR,2015-03,1.0,1.0,-1.0,Asset Harvester — divesting + returning capital
HINDUNILVR,2016-03,1.0,-1.0,-1.0,Reinvestor — ops funding growth + returning capital
HINDUNILVR,2017-03,1.0,-1.0,-1.0,Reinvestor — ops funding growth + returning capital
HINDUNILVR,2018-03,1.0,-1.0,-1.0,Reinvestor — ops funding growth + returning capital
HINDUNILVR,2019-03,1.0,-1.0,-1.0,Reinvestor — ops funding growth + returning capital
HINDUNILVR,2020-03,1.0,1.0,-1.0,Asset Harvester — divesting + returning capital
HINDUNILVR,2021-03,1.0,-1.0,-1.0,Reinvestor — ops funding growth + returning capital
HINDUNILVR,2022-03,1.0,-1.0,-1.0,Reinvestor — ops funding growth + returning capital
HINDUNILVR,2023-03,1.0,-1.0,-1.0,Reinvestor — ops funding growth + returning capital
HINDUNILVR,2024-03,1.0,-1.0,-1.0,Reinvestor — ops funding growth + returning capital
ICICIBANK,2013-03,1.0,-1.0,1.0,Leveraged Growth — borrowing to invest
ICICIBANK,2014-03,1.0,-1.0,1.0,Leveraged Growth — borrowing to invest
ICICIBANK,2015-03,-1.0,-1.0,1.0,Startup / Distress — investing while losing cash
ICICIBANK,2016-03,1.0,-1.0,1.0,Leveraged Growth — borrowing to invest
ICICIBANK,2017-03,1.0,-1.0,-1.0,Reinvestor — ops funding growth + returning capital
ICICIBANK,2018-03,1.0,-1.0,1.0,Leveraged Growth — borrowing to invest
ICICIBANK,2019-03,1.0,-1.0,-1.0,Reinvestor — ops funding growth + returning capital
ICICIBANK,2020-03,1.0,-1.0,1.0,Leveraged Growth — borrowing to invest
ICICIBANK,2021-03,1.0,-1.0,-1.0,Reinvestor — ops funding growth + returning capital
ICICIBANK,2022-03,1.0,-1.0,1.0,Leveraged Growth — borrowing to invest
ICICIBANK,2023-03,-1.0,-1.0,1.0,Startup / Distress — investing while losing cash
ICICIBANK,2024-03,1.0,-1.0,1.0,Leveraged Growth — borrowing to invest
ICICIGI,2013-03,1.0,-1.0,1.0,Leveraged Growth — borrowing to invest
ICICIGI,2014-03,1.0,-1.0,1.0,Leveraged Growth — borrowing to invest
ICICIGI,2015-03,-1.0,1.0,-1.0,Restructuring — selling assets to repay debt
ICICIGI,2016-03,1.0,-1.0,-1.0,Reinvestor — ops funding growth + returning capital
ICICIGI,2017-03,1.0,-1.0,1.0,Leveraged Growth — borrowing to invest
ICICIGI,2018-03,1.0,-1.0,-1.0,Reinvestor — ops funding growth + returning capital
ICICIGI,2019-03,1.0,-1.0,-1.0,Reinvestor — ops funding growth + returning capital
ICICIGI,2020-03,1.0,-1.0,-1.0,Reinvestor — ops funding growth + returning capital
ICICIGI,2021-03,1.0,-1.0,-1.0,Reinvestor — ops funding growth + returning capital
ICICIGI,2022-03,1.0,1.0,-1.0,Asset Harvester — divesting + returning capital
ICICIGI,2023-03,1.0,-1.0,-1.0,Reinvestor — ops funding growth + returning capital
ICICIGI,2024-03,1.0,-1.0,-1.0,Reinvestor — ops funding growth + returning capital
ICICIPRULI,2013-03,-1.0,1.0,-1.0,Restructuring — selling assets to repay debt
ICICIPRULI,2014-03,-1.0,1.0,-1.0,Restructuring — selling assets to repay debt
ICICIPRULI,2015-03,1.0,-1.0,-1.0,Reinvestor — ops funding growth + returning capital
ICICIPRULI,2016-03,1.0,1.0,-1.0,Asset Harvester — divesting + returning capital
ICICIPRULI,2017-03,1.0,-1.0,-1.0,Reinvestor — ops funding growth + returning capital
ICICIPRULI,2018-03,1.0,-1.0,-1.0,Reinvestor — ops funding growth + returning capital
ICICIPRULI,2019-03,1.0,-1.0,-1.0,Reinvestor — ops funding growth + returning capital
ICICIPRULI,2020-03,1.0,-1.0,-1.0,Reinvestor — ops funding growth + returning capital
ICICIPRULI,2021-03,1.0,-1.0,1.0,Leveraged Growth — borrowing to invest
ICICIPRULI,2022-03,1.0,-1.0,-1.0,Reinvestor — ops funding growth + returning capital
ICICIPRULI,2023-03,1.0,-1.0,-1.0,Reinvestor — ops funding growth + returning capital
ICICIPRULI,2024-03,-1.0,1.0,-1.0,Restructuring — selling assets to repay debt
INDUSINDBK,2013-03,-1.0,-1.0,1.0,Startup / Distress — investing while losing cash
INDUSINDBK,2014-03,-1.0,-1.0,1.0,Startup / Distress — investing while losing cash
INDUSINDBK,2015-03,-1.0,-1.0,1.0,Startup / Distress — investing while losing cash
INDUSINDBK,2016-03,-1.0,-1.0,1.0,Startup / Distress — investing while losing cash
INDUSINDBK,2017-03,1.0,-1.0,-1.0,Reinvestor — ops funding growth + returning capital
INDUSINDBK,2018-03,-1.0,-1.0,1.0,Startup / Distress — investing while losing cash
INDUSINDBK,2019-03,-1.0,-1.0,1.0,Startup / Distress — investing while losing cash
INDUSINDBK,2020-03,-1.0,1.0,1.0,"Distress — burning cash, raising funds to survive"
INDUSINDBK,2021-03,1.0,-1.0,-1.0,Reinvestor — ops funding growth + returning capital
INDUSINDBK,2022-03,1.0,-1.0,-1.0,Reinvestor — ops funding growth + returning capital
INDUSINDBK,2023-03,-1.0,-1.0,1.0,Startup / Distress — investing while losing cash
INDUSINDBK,2024-03,-1.0,-1.0,-1.0,Deep Distress — negative on all three flows
INFY,2013-03,1.0,-1.0,-1.0,Reinvestor — ops funding growth + returning capital
INFY,2014-03,1.0,-1.0,-1.0,Reinvestor — ops funding growth + returning capital
INFY,2015-03,1.0,1.0,-1.0,Asset Harvester — divesting + returning capital
INFY,2016-03,1.0,-1.0,-1.0,Reinvestor — ops funding growth + returning capital
INFY,2017-03,1.0,-1.0,-1.0,Reinvestor — ops funding growth + returning capital
INFY,2018-03,1.0,1.0,-1.0,Asset Harvester — divesting + returning capital
INFY,2019-03,1.0,-1.0,-1.0,Reinvestor — ops funding growth + returning capital
INFY,2020-03,1.0,-1.0,-1.0,Reinvestor — ops funding growth + returning capital
INFY,2021-03,1.0,-1.0,-1.0,Reinvestor — ops funding growth + returning capital
INFY,2022-03,1.0,-1.0,-1.0,Reinvestor — ops funding growth + returning capital
INFY,2023-03,1.0,-1.0,-1.0,Reinvestor — ops funding growth + returning capital
INFY,2024-03,1.0,-1.0,-1.0,Reinvestor — ops funding growth + returning capital
IOC,2013-03,1.0,-1.0,1.0,Leveraged Growth — borrowing to invest
IOC,2014-03,1.0,-1.0,-1.0,Reinvestor — ops funding growth + returning capital
IOC,2015-03,1.0,-1.0,-1.0,Reinvestor — ops funding growth + returning capital
IOC,2016-03,1.0,-1.0,-1.0,Reinvestor — ops funding growth + returning capital
IOC,2017-03,1.0,-1.0,-1.0,Reinvestor — ops funding growth + returning capital
IOC,2018-03,1.0,-1.0,-1.0,Reinvestor — ops funding growth + returning capital
IOC,2019-03,1.0,-1.0,1.0,Leveraged Growth — borrowing to invest
IOC,2020-03,1.0,-1.0,1.0,Leveraged Growth — borrowing to invest
IOC,2021-03,1.0,-1.0,-1.0,Reinvestor — ops funding growth + returning capital
IOC,2022-03,1.0,-1.0,-1.0,Reinvestor — ops funding growth + returning capital
IOC,2023-03,1.0,-1.0,-1.0,Reinvestor — ops funding growth + returning capital
IOC,2024-03,1.0,-1.0,-1.0,Reinvestor — ops funding growth + returning capital
IRCTC,2015-03,1.0,-1.0,-1.0,Reinvestor — ops funding growth + returning capital
IRCTC,2016-03,1.0,1.0,-1.0,Asset Harvester — divesting + returning capital
IRCTC,2017-03,1.0,1.0,-1.0,Asset Harvester — divesting + returning capital
IRCTC,2018-03,1.0,1.0,-1.0,Asset Harvester — divesting + returning capital
IRCTC,2019-03,1.0,-1.0,-1.0,Reinvestor — ops funding growth + returning capital
IRCTC,2020-03,1.0,1.0,-1.0,Asset Harvester — divesting + returning capital
IRCTC,2021-03,1.0,-1.0,-1.0,Reinvestor — ops funding growth + returning capital
IRCTC,2022-03,1.0,-1.0,-1.0,Reinvestor — ops funding growth + returning capital
IRCTC,2023-03,1.0,-1.0,-1.0,Reinvestor — ops funding growth + returning capital
IRCTC,2024-03,1.0,-1.0,-1.0,Reinvestor — ops funding growth + returning capital
IRFC,2013-03,,,,Insufficient Data
IRFC,2014-03,,,,Insufficient Data
IRFC,2015-03,,,,Insufficient Data
IRFC,2016-03,-1.0,1.0,1.0,"Distress — burning cash, raising funds to survive"
IRFC,2017-03,-1.0,1.0,1.0,"Distress — burning cash, raising funds to survive"
IRFC,2018-03,-1.0,1.0,1.0,"Distress — burning cash, raising funds to survive"
IRFC,2019-03,-1.0,1.0,1.0,"Distress — burning cash, raising funds to survive"
IRFC,2020-03,-1.0,1.0,1.0,"Distress — burning cash, raising funds to survive"
IRFC,2021-03,-1.0,1.0,1.0,"Distress — burning cash, raising funds to survive"
IRFC,2022-03,-1.0,-1.0,1.0,Startup / Distress — investing while losing cash
IRFC,2023-03,-1.0,1.0,1.0,"Distress — burning cash, raising funds to survive"
IRFC,2024-03,1.0,-1.0,-1.0,Reinvestor — ops funding growth + returning capital
ITC,2013-03,1.0,-1.0,-1.0,Reinvestor — ops funding growth + returning capital
ITC,2014-03,1.0,-1.0,-1.0,Reinvestor — ops funding growth + returning capital
ITC,2015-03,1.0,-1.0,-1.0,Reinvestor — ops funding growth + returning capital
ITC,2016-03,1.0,-1.0,-1.0,Reinvestor — ops funding growth + returning capital
ITC,2017-03,1.0,-1.0,-1.0,Reinvestor — ops funding growth + returning capital
ITC,2018-03,1.0,-1.0,-1.0,Reinvestor — ops funding growth + returning capital
ITC,2019-03,1.0,-1.0,-1.0,Reinvestor — ops funding growth + returning capital
ITC,2020-03,1.0,-1.0,-1.0,Reinvestor — ops funding growth + returning capital
ITC,2021-03,1.0,1.0,-1.0,Asset Harvester — divesting + returning capital
ITC,2022-03,1.0,-1.0,-1.0,Reinvestor — ops funding growth + returning capital
ITC,2023-03,1.0,-1.0,-1.0,Reinvestor — ops funding growth + returning capital
ITC,2024-03,1.0,1.0,-1.0,Asset Harvester — divesting + returning capital
JINDALSTEL,2013-03,1.0,-1.0,1.0,Leveraged Growth — borrowing to invest
JINDALSTEL,2014-03,1.0,-1.0,1.0,Leveraged Growth — borrowing to invest
JINDALSTEL,2015-03,1.0,-1.0,1.0,Leveraged Growth — borrowing to invest
JINDALSTEL,2016-03,1.0,-1.0,-1.0,Reinvestor — ops funding growth + returning capital
JINDALSTEL,2017-03,1.0,-1.0,-1.0,Reinvestor — ops funding growth + returning capital
JINDALSTEL,2018-03,1.0,-1.0,-1.0,Reinvestor — ops funding growth + returning capital
JINDALSTEL,2019-03,1.0,-1.0,-1.0,Reinvestor — ops funding growth + returning capital
JINDALSTEL,2020-03,1.0,-1.0,-1.0,Reinvestor — ops funding growth + returning capital
JINDALSTEL,2021-03,1.0,-1.0,-1.0,Reinvestor — ops funding growth + returning capital
JINDALSTEL,2022-03,1.0,-1.0,-1.0,Reinvestor — ops funding growth + returning capital
JINDALSTEL,2023-03,1.0,-1.0,-1.0,Reinvestor — ops funding growth + returning capital
JINDALSTEL,2024-03,1.0,-1.0,1.0,Leveraged Growth — borrowing to invest
JIOFIN,2023-03,1.0,-1.0,-1.0,Reinvestor — ops funding growth + returning capital
JIOFIN,2024-03,-1.0,1.0,-1.0,Restructuring — selling assets to repay debt
JSWENERGY,2013-03,1.0,-1.0,-1.0,Reinvestor — ops funding growth + returning capital
JSWENERGY,2014-03,1.0,-1.0,-1.0,Reinvestor — ops funding growth + returning capital
JSWENERGY,2015-03,1.0,-1.0,-1.0,Reinvestor — ops funding growth + returning capital
JSWENERGY,2016-03,1.0,-1.0,-1.0,Reinvestor — ops funding growth + returning capital
JSWENERGY,2017-03,1.0,-1.0,-1.0,Reinvestor — ops funding growth + returning capital
JSWENERGY,2018-03,1.0,-1.0,-1.0,Reinvestor — ops funding growth + returning capital
JSWENERGY,2019-03,1.0,-1.0,-1.0,Reinvestor — ops funding growth + returning capital
JSWENERGY,2020-03,1.0,1.0,-1.0,Asset Harvester — divesting + returning capital
JSWENERGY,2021-03,1.0,-1.0,-1.0,Reinvestor — ops funding growth + returning capital
JSWENERGY,2022-03,1.0,-1.0,-1.0,Reinvestor — ops funding growth + returning capital
JSWENERGY,2023-03,1.0,-1.0,1.0,Leveraged Growth — borrowing to invest
JSWENERGY,2024-03,1.0,-1.0,1.0,Leveraged Growth — borrowing to invest
JSWSTEEL,2013-03,1.0,-1.0,-1.0,Reinvestor — ops funding growth + returning capital
JSWSTEEL,2014-03,1.0,-1.0,1.0,Leveraged Growth — borrowing to invest
JSWSTEEL,2015-03,1.0,-1.0,-1.0,Reinvestor — ops funding growth + returning capital
JSWSTEEL,2016-03,1.0,-1.0,-1.0,Reinvestor — ops funding growth + returning capital
JSWSTEEL,2017-03,1.0,-1.0,-1.0,Reinvestor — ops funding growth + returning capital
JSWSTEEL,2018-03,1.0,-1.0,-1.0,Reinvestor — ops funding growth + returning capital
JSWSTEEL,2019-03,1.0,-1.0,1.0,Leveraged Growth — borrowing to invest
JSWSTEEL,2020-03,1.0,-1.0,1.0,Leveraged Growth — borrowing to invest
JSWSTEEL,2021-03,1.0,-1.0,-1.0,Reinvestor — ops funding growth + returning capital
JSWSTEEL,2022-03,1.0,-1.0,-1.0,Reinvestor — ops funding growth + returning capital
JSWSTEEL,2023-03,1.0,-1.0,-1.0,Reinvestor — ops funding growth + returning capital
JSWSTEEL,2024-03,1.0,-1.0,-1.0,Reinvestor — ops funding growth + returning capital
KOTAKBANK,2013-03,1.0,-1.0,1.0,Leveraged Growth — borrowing to invest
KOTAKBANK,2014-03,1.0,-1.0,-1.0,Reinvestor — ops funding growth + returning capital
KOTAKBANK,2015-03,1.0,-1.0,1.0,Leveraged Growth — borrowing to invest
KOTAKBANK,2016-03,1.0,-1.0,1.0,Leveraged Growth — borrowing to invest
KOTAKBANK,2017-03,1.0,-1.0,1.0,Leveraged Growth — borrowing to invest
KOTAKBANK,2018-03,-1.0,-1.0,1.0,Startup / Distress — investing while losing cash
KOTAKBANK,2019-03,1.0,-1.0,1.0,Leveraged Growth — borrowing to invest
KOTAKBANK,2020-03,1.0,-1.0,-1.0,Reinvestor — ops funding growth + returning capital
KOTAKBANK,2021-03,1.0,-1.0,-1.0,Reinvestor — ops funding growth + returning capital
KOTAKBANK,2022-03,1.0,-1.0,1.0,Leveraged Growth — borrowing to invest
KOTAKBANK,2023-03,-1.0,-1.0,1.0,Startup / Distress — investing while losing cash
KOTAKBANK,2024-03,1.0,-1.0,1.0,Leveraged Growth — borrowing to invest
LICI,2019-03,1.0,1.0,-1.0,Asset Harvester — divesting + returning capital
LICI,2020-03,1.0,-1.0,-1.0,Reinvestor — ops funding growth + returning capital
LICI,2021-03,1.0,1.0,-1.0,Asset Harvester — divesting + returning capital
LICI,2022-03,-1.0,1.0,1.0,"Distress — burning cash, raising funds to survive"
LICI,2023-03,1.0,-1.0,-1.0,Reinvestor — ops funding growth + returning capital
LICI,2024-03,1.0,-1.0,-1.0,Reinvestor — ops funding growth + returning capital
LODHA,2011-03,,,,Insufficient Data
LODHA,2012-03,,,,Insufficient Data
LODHA,2015-03,,,,Insufficient Data
LODHA,2016-03,1.0,-1.0,1.0,Leveraged Growth — borrowing to invest
LODHA,2017-03,1.0,-1.0,-1.0,Reinvestor — ops funding growth + returning capital
LODHA,2018-03,1.0,-1.0,1.0,Leveraged Growth — borrowing to invest
LODHA,2019-03,-1.0,-1.0,1.0,Startup / Distress — investing while losing cash
LODHA,2020-03,1.0,1.0,-1.0,Asset Harvester — divesting + returning capital
LODHA,2021-03,1.0,1.0,-1.0,Asset Harvester — divesting + returning capital
LODHA,2022-03,1.0,1.0,-1.0,Asset Harvester — divesting + returning capital
LODHA,2023-03,1.0,1.0,-1.0,Asset Harvester — divesting + returning capital
LODHA,2024-03,1.0,-1.0,1.0,Leveraged Growth — borrowing to invest
LT,2013-03,-1.0,-1.0,1.0,Startup / Distress — investing while losing cash
LT,2014-03,-1.0,-1.0,1.0,Startup / Distress — investing while losing cash
LT,2015-03,-1.0,-1.0,1.0,Startup / Distress — investing while losing cash
LT,2016-03,-1.0,-1.0,1.0,Startup / Distress — investing while losing cash
LT,2017-03,1.0,-1.0,1.0,Leveraged Growth — borrowing to invest
LT,2018-03,-1.0,1.0,1.0,"Distress — burning cash, raising funds to survive"
LT,2019-03,-1.0,-1.0,1.0,Startup / Distress — investing while losing cash
LT,2020-03,1.0,-1.0,1.0,Leveraged Growth — borrowing to invest
LT,2021-03,1.0,-1.0,-1.0,Reinvestor — ops funding growth + returning capital
LT,2022-03,1.0,-1.0,-1.0,Reinvestor — ops funding growth + returning capital
LT,2023-03,1.0,-1.0,-1.0,Reinvestor — ops funding growth + returning capital
LT,2024-03,1.0,1.0,-1.0,Asset Harvester — divesting + returning capital
LTIM,2013-03,1.0,-1.0,-1.0,Reinvestor — ops funding growth + returning capital
LTIM,2014-03,1.0,1.0,-1.0,Asset Harvester — divesting + returning capital
LTIM,2015-03,1.0,-1.0,-1.0,Reinvestor — ops funding growth + returning capital
LTIM,2016-03,1.0,-1.0,-1.0,Reinvestor — ops funding growth + returning capital
LTIM,2017-03,1.0,-1.0,-1.0,Reinvestor — ops funding growth + returning capital
LTIM,2018-03,1.0,-1.0,-1.0,Reinvestor — ops funding growth + returning capital
LTIM,2019-03,1.0,-1.0,-1.0,Reinvestor — ops funding growth + returning capital
LTIM,2020-03,1.0,-1.0,-1.0,Reinvestor — ops funding growth + returning capital
LTIM,2021-03,1.0,-1.0,-1.0,Reinvestor — ops funding growth + returning capital
LTIM,2022-03,1.0,-1.0,-1.0,Reinvestor — ops funding growth + returning capital
LTIM,2023-03,1.0,-1.0,-1.0,Reinvestor — ops funding growth + returning capital
LTIM,2024-03,1.0,-1.0,-1.0,Reinvestor — ops funding growth + returning capital
M&M,2013-03,-1.0,-1.0,1.0,Startup / Distress — investing while losing cash
M&M,2014-03,-1.0,-1.0,1.0,Startup / Distress — investing while losing cash
M&M,2015-03,1.0,-1.0,1.0,Leveraged Growth — borrowing to invest
M&M,2016-03,1.0,-1.0,1.0,Leveraged Growth — borrowing to invest
M&M,2017-03,1.0,-1.0,1.0,Leveraged Growth — borrowing to invest
M&M,2018-03,1.0,-1.0,1.0,Leveraged Growth — borrowing to invest
M&M,2019-03,-1.0,-1.0,1.0,Startup / Distress — investing while losing cash
M&M,2020-03,-1.0,-1.0,1.0,Startup / Distress — investing while losing cash
M&M,2021-03,1.0,-1.0,1.0,Leveraged Growth — borrowing to invest
M&M,2022-03,1.0,-1.0,-1.0,Reinvestor — ops funding growth + returning capital
M&M,2023-03,-1.0,-1.0,1.0,Startup / Distress — investing while losing cash
M&M,2024-03,-1.0,-1.0,1.0,Startup / Distress — investing while losing cash
MARUTI,2013-03,1.0,-1.0,-1.0,Reinvestor — ops funding growth + returning capital
MARUTI,2014-03,1.0,-1.0,-1.0,Reinvestor — ops funding growth + returning capital
MARUTI,2015-03,1.0,-1.0,-1.0,Reinvestor — ops funding growth + returning capital
MARUTI,2016-03,1.0,-1.0,-1.0,Reinvestor — ops funding growth + returning capital
MARUTI,2017-03,1.0,-1.0,-1.0,Reinvestor — ops funding growth + returning capital
MARUTI,2018-03,1.0,-1.0,-1.0,Reinvestor — ops funding growth + returning capital
MARUTI,2019-03,1.0,-1.0,-1.0,Reinvestor — ops funding growth + returning capital
MARUTI,2020-03,1.0,-1.0,-1.0,Reinvestor — ops funding growth + returning capital
MARUTI,2021-03,1.0,-1.0,-1.0,Reinvestor — ops funding growth + returning capital
MARUTI,2022-03,1.0,-1.0,-1.0,Reinvestor — ops funding growth + returning capital
MARUTI,2023-03,1.0,-1.0,-1.0,Reinvestor — ops funding growth + returning capital
MARUTI,2024-03,1.0,-1.0,-1.0,Reinvestor — ops funding growth + returning capital
MOTHERSON,2013-03,1.0,-1.0,-1.0,Reinvestor — ops funding growth + returning capital
MOTHERSON,2014-03,1.0,-1.0,-1.0,Reinvestor — ops funding growth + returning capital
MOTHERSON,2015-03,1.0,-1.0,1.0,Leveraged Growth — borrowing to invest
MOTHERSON,2016-03,1.0,-1.0,-1.0,Reinvestor — ops funding growth + returning capital
MOTHERSON,2017-03,1.0,-1.0,1.0,Leveraged Growth — borrowing to invest
MOTHERSON,2018-03,1.0,-1.0,-1.0,Reinvestor — ops funding growth + returning capital
MOTHERSON,2019-03,1.0,-1.0,-1.0,Reinvestor — ops funding growth + returning capital
MOTHERSON,2020-03,1.0,-1.0,-1.0,Reinvestor — ops funding growth + returning capital
MOTHERSON,2021-03,1.0,-1.0,-1.0,Reinvestor — ops funding growth + returning capital
MOTHERSON,2022-03,1.0,-1.0,-1.0,Reinvestor — ops funding growth + returning capital
MOTHERSON,2023-03,1.0,-1.0,-1.0,Reinvestor — ops funding growth + returning capital
MOTHERSON,2024-03,1.0,-1.0,1.0,Leveraged Growth — borrowing to invest
NAUKRI,2013-03,1.0,-1.0,-1.0,Reinvestor — ops funding growth + returning capital
NAUKRI,2014-03,1.0,-1.0,1.0,Leveraged Growth — borrowing to invest
NAUKRI,2015-03,1.0,-1.0,1.0,Leveraged Growth — borrowing to invest
NAUKRI,2016-03,1.0,-1.0,-1.0,Reinvestor — ops funding growth + returning capital
NAUKRI,2017-03,1.0,-1.0,-1.0,Reinvestor — ops funding growth + returning capital
NAUKRI,2018-03,1.0,-1.0,-1.0,Reinvestor — ops funding growth + returning capital
NAUKRI,2019-03,1.0,-1.0,-1.0,Reinvestor — ops funding growth + returning capital
NAUKRI,2020-03,1.0,1.0,-1.0,Asset Harvester — divesting + returning capital
NAUKRI,2021-03,1.0,-1.0,1.0,Leveraged Growth — borrowing to invest
NAUKRI,2022-03,1.0,-1.0,1.0,Leveraged Growth — borrowing to invest
NAUKRI,2023-03,1.0,-1.0,1.0,Leveraged Growth — borrowing to invest
NAUKRI,2024-03,1.0,-1.0,1.0,Leveraged Growth — borrowing to invest
NESTLEIND,2013-12,1.0,-1.0,-1.0,Reinvestor — ops funding growth + returning capital
NESTLEIND,2014-12,1.0,-1.0,-1.0,Reinvestor — ops funding growth + returning capital
NESTLEIND,2015-12,1.0,-1.0,-1.0,Reinvestor — ops funding growth + returning capital
NESTLEIND,2016-12,1.0,-1.0,-1.0,Reinvestor — ops funding growth + returning capital
NESTLEIND,2017-12,1.0,-1.0,-1.0,Reinvestor — ops funding growth + returning capital
NESTLEIND,2018-12,1.0,-1.0,-1.0,Reinvestor — ops funding growth + returning capital
NESTLEIND,2019-12,1.0,1.0,-1.0,Asset Harvester — divesting + returning capital
NESTLEIND,2020-12,1.0,-1.0,-1.0,Reinvestor — ops funding growth + returning capital
NESTLEIND,2021-12,1.0,-1.0,-1.0,Reinvestor — ops funding growth + returning capital
NESTLEIND,2022-12,1.0,-1.0,-1.0,Reinvestor — ops funding growth + returning capital
NESTLEIND,2023-12,1.0,-1.0,-1.0,Reinvestor — ops funding growth + returning capital
NESTLEIND,2024-03,1.0,-1.0,-1.0,Reinvestor — ops funding growth + returning capital
NHPC,2013-03,1.0,-1.0,-1.0,Reinvestor — ops funding growth + returning capital
NHPC,2014-03,1.0,-1.0,-1.0,Reinvestor — ops funding growth + returning capital
NHPC,2015-03,1.0,-1.0,-1.0,Reinvestor — ops funding growth + returning capital
NHPC,2016-03,1.0,-1.0,-1.0,Reinvestor — ops funding growth + returning capital
NHPC,2017-03,1.0,-1.0,-1.0,Reinvestor — ops funding growth + returning capital
NHPC,2018-03,1.0,-1.0,-1.0,Reinvestor — ops funding growth + returning capital
NHPC,2019-03,1.0,-1.0,-1.0,Reinvestor — ops funding growth + returning capital
NHPC,2020-03,1.0,-1.0,1.0,Leveraged Growth — borrowing to invest
NHPC,2021-03,1.0,-1.0,-1.0,Reinvestor — ops funding growth + returning capital
NHPC,2022-03,1.0,-1.0,-1.0,Reinvestor — ops funding growth + returning capital
NHPC,2023-03,1.0,-1.0,-1.0,Reinvestor — ops funding growth + returning capital
NHPC,2024-03,1.0,-1.0,-1.0,Reinvestor — ops funding growth + returning capital
NTPC,2013-03,1.0,-1.0,1.0,Leveraged Growth — borrowing to invest
NTPC,2014-03,1.0,-1.0,-1.0,Reinvestor — ops funding growth + returning capital
NTPC,2015-03,1.0,-1.0,-1.0,Reinvestor — ops funding growth + returning capital
NTPC,2016-03,1.0,-1.0,-1.0,Reinvestor — ops funding growth + returning capital
NTPC,2017-03,1.0,-1.0,1.0,Leveraged Growth — borrowing to invest
NTPC,2018-03,1.0,-1.0,1.0,Leveraged Growth — borrowing to invest
NTPC,2019-03,1.0,-1.0,1.0,Leveraged Growth — borrowing to invest
NTPC,2020-03,1.0,-1.0,1.0,Leveraged Growth — borrowing to invest
NTPC,2021-03,1.0,-1.0,-1.0,Reinvestor — ops funding growth + returning capital
NTPC,2022-03,1.0,-1.0,-1.0,Reinvestor — ops funding growth + returning capital
NTPC,2023-03,1.0,-1.0,-1.0,Reinvestor — ops funding growth + returning capital
NTPC,2024-03,1.0,-1.0,-1.0,Reinvestor — ops funding growth + returning capital
ONGC,2013-03,1.0,-1.0,-1.0,Reinvestor — ops funding growth + returning capital
ONGC,2014-03,1.0,-1.0,1.0,Leveraged Growth — borrowing to invest
ONGC,2015-03,1.0,-1.0,-1.0,Reinvestor — ops funding growth + returning capital
ONGC,2016-03,1.0,-1.0,-1.0,Reinvestor — ops funding growth + returning capital
ONGC,2017-03,1.0,-1.0,-1.0,Reinvestor — ops funding growth + returning capital
ONGC,2018-03,1.0,-1.0,1.0,Leveraged Growth — borrowing to invest
ONGC,2019-03,1.0,-1.0,-1.0,Reinvestor — ops funding growth + returning capital
ONGC,2020-03,1.0,-1.0,-1.0,Reinvestor — ops funding growth + returning capital
ONGC,2021-03,1.0,-1.0,-1.0,Reinvestor — ops funding growth + returning capital
ONGC,2022-03,1.0,-1.0,-1.0,Reinvestor — ops funding growth + returning capital
ONGC,2023-03,1.0,-1.0,-1.0,Reinvestor — ops funding growth + returning capital
ONGC,2024-03,1.0,-1.0,-1.0,Reinvestor — ops funding growth + returning capital
PFC,2013-03,-1.0,1.0,1.0,"Distress — burning cash, raising funds to survive"
PFC,2014-03,-1.0,1.0,1.0,"Distress — burning cash, raising funds to survive"
PFC,2015-03,-1.0,-1.0,1.0,Startup / Distress — investing while losing cash
PFC,2016-03,-1.0,-1.0,1.0,Startup / Distress — investing while losing cash
PFC,2017-03,1.0,-1.0,1.0,Leveraged Growth — borrowing to invest
PFC,2018-03,-1.0,1.0,1.0,"Distress — burning cash, raising funds to survive"
PFC,2019-03,-1.0,-1.0,1.0,Startup / Distress — investing while losing cash
PFC,2020-03,-1.0,-1.0,1.0,Startup / Distress — investing while losing cash
PFC,2021-03,-1.0,1.0,1.0,"Distress — burning cash, raising funds to survive"
PFC,2022-03,1.0,-1.0,-1.0,Reinvestor — ops funding growth + returning capital
PFC,2023-03,-1.0,-1.0,1.0,Startup / Distress — investing while losing cash
PFC,2024-03,-1.0,-1.0,1.0,Startup / Distress — investing while losing cash
PIDILITIND,2013-03,1.0,-1.0,-1.0,Reinvestor — ops funding growth + returning capital
PIDILITIND,2014-03,1.0,-1.0,-1.0,Reinvestor — ops funding growth + returning capital
PIDILITIND,2015-03,1.0,-1.0,-1.0,Reinvestor — ops funding growth + returning capital
PIDILITIND,2016-03,1.0,-1.0,-1.0,Reinvestor — ops funding growth + returning capital
PIDILITIND,2017-03,1.0,-1.0,1.0,Leveraged Growth — borrowing to invest
PIDILITIND,2018-03,1.0,1.0,-1.0,Asset Harvester — divesting + returning capital
PIDILITIND,2019-03,1.0,-1.0,-1.0,Reinvestor — ops funding growth + returning capital
PIDILITIND,2020-03,1.0,1.0,-1.0,Asset Harvester — divesting + returning capital
PIDILITIND,2021-03,1.0,-1.0,-1.0,Reinvestor — ops funding growth + returning capital
PIDILITIND,2022-03,1.0,-1.0,-1.0,Reinvestor — ops funding growth + returning capital
PIDILITIND,2023-03,1.0,-1.0,-1.0,Reinvestor — ops funding growth + returning capital
PIDILITIND,2024-03,1.0,-1.0,-1.0,Reinvestor — ops funding growth + returning capital
PNB,2013-03,-1.0,-1.0,-1.0,Deep Distress — negative on all three flows
PNB,2014-03,1.0,-1.0,1.0,Leveraged Growth — borrowing to invest
PNB,2015-03,1.0,-1.0,1.0,Leveraged Growth — borrowing to invest
PNB,2016-03,1.0,-1.0,1.0,Leveraged Growth — borrowing to invest
PNB,2017-03,1.0,1.0,-1.0,Asset Harvester — divesting + returning capital
PNB,2018-03,-1.0,1.0,1.0,"Distress — burning cash, raising funds to survive"
PNB,2019-03,-1.0,-1.0,1.0,Startup / Distress — investing while losing cash
PNB,2020-03,-1.0,-1.0,1.0,Startup / Distress — investing while losing cash
PNB,2021-03,1.0,-1.0,1.0,Leveraged Growth — borrowing to invest
PNB,2022-03,1.0,-1.0,1.0,Leveraged Growth — borrowing to invest
PNB,2023-03,1.0,-1.0,1.0,Leveraged Growth — borrowing to invest
PNB,2024-03,-1.0,-1.0,1.0,Startup / Distress — investing while losing cash
POWERGRID,2013-03,1.0,-1.0,1.0,Leveraged Growth — borrowing to invest
POWERGRID,2014-03,1.0,-1.0,1.0,Leveraged Growth — borrowing to invest
POWERGRID,2015-03,1.0,-1.0,1.0,Leveraged Growth — borrowing to invest
POWERGRID,2016-03,1.0,-1.0,1.0,Leveraged Growth — borrowing to invest
POWERGRID,2017-03,1.0,-1.0,1.0,Leveraged Growth — borrowing to invest
POWERGRID,2018-03,1.0,-1.0,1.0,Leveraged Growth — borrowing to invest
POWERGRID,2019-03,1.0,-1.0,-1.0,Reinvestor — ops funding growth + returning capital
POWERGRID,2020-03,1.0,-1.0,-1.0,Reinvestor — ops funding growth + returning capital
POWERGRID,2021-03,1.0,-1.0,-1.0,Reinvestor — ops funding growth + returning capital
POWERGRID,2022-03,1.0,1.0,-1.0,Asset Harvester — divesting + returning capital
POWERGRID,2023-03,1.0,-1.0,-1.0,Reinvestor — ops funding growth + returning capital
POWERGRID,2024-03,1.0,-1.0,-1.0,Reinvestor — ops funding growth + returning capital
RECLTD,2013-03,-1.0,1.0,1.0,"Distress — burning cash, raising funds to survive"
RECLTD,2014-03,-1.0,1.0,1.0,"Distress — burning cash, raising funds to survive"
RECLTD,2015-03,-1.0,1.0,1.0,"Distress — burning cash, raising funds to survive"
RECLTD,2016-03,-1.0,-1.0,1.0,Startup / Distress — investing while losing cash
RECLTD,2017-03,1.0,-1.0,-1.0,Reinvestor — ops funding growth + returning capital
RECLTD,2018-03,-1.0,1.0,1.0,"Distress — burning cash, raising funds to survive"
RECLTD,2019-03,-1.0,1.0,1.0,"Distress — burning cash, raising funds to survive"
RECLTD,2020-03,-1.0,1.0,1.0,"Distress — burning cash, raising funds to survive"
RECLTD,2021-03,-1.0,1.0,1.0,"Distress — burning cash, raising funds to survive"
RECLTD,2022-03,-1.0,-1.0,1.0,Startup / Distress — investing while losing cash
RECLTD,2023-03,-1.0,-1.0,1.0,Startup / Distress — investing while losing cash
RECLTD,2024-03,-1.0,-1.0,1.0,Startup / Distress — investing while losing cash
RELIANCE,2013-03,1.0,-1.0,1.0,Leveraged Growth — borrowing to invest
RELIANCE,2014-03,1.0,-1.0,1.0,Leveraged Growth — borrowing to invest
RELIANCE,2015-03,1.0,-1.0,1.0,Leveraged Growth — borrowing to invest
RELIANCE,2016-03,1.0,-1.0,-1.0,Reinvestor — ops funding growth + returning capital
RELIANCE,2017-03,1.0,-1.0,1.0,Leveraged Growth — borrowing to invest
RELIANCE,2018-03,1.0,-1.0,-1.0,Reinvestor — ops funding growth + returning capital
RELIANCE,2019-03,1.0,-1.0,1.0,Leveraged Growth — borrowing to invest
RELIANCE,2020-03,1.0,-1.0,-1.0,Reinvestor — ops funding growth + returning capital
RELIANCE,2021-03,1.0,-1.0,1.0,Leveraged Growth — borrowing to invest
RELIANCE,2022-03,1.0,-1.0,1.0,Leveraged Growth — borrowing to invest
RELIANCE,2023-03,1.0,-1.0,1.0,Leveraged Growth — borrowing to invest
RELIANCE,2024-03,1.0,-1.0,-1.0,Reinvestor — ops funding growth + returning capital
SBILIFE,2013-03,1.0,-1.0,-1.0,Reinvestor — ops funding growth + returning capital
SBILIFE,2014-03,1.0,-1.0,-1.0,Reinvestor — ops funding growth + returning capital
SBILIFE,2015-03,1.0,-1.0,-1.0,Reinvestor — ops funding growth + returning capital
SBILIFE,2016-03,1.0,-1.0,-1.0,Reinvestor — ops funding growth + returning capital
SBILIFE,2017-03,1.0,-1.0,-1.0,Reinvestor — ops funding growth + returning capital
SBILIFE,2018-03,1.0,-1.0,-1.0,Reinvestor — ops funding growth + returning capital
SBILIFE,2019-03,1.0,-1.0,-1.0,Reinvestor — ops funding growth + returning capital
SBILIFE,2020-03,1.0,-1.0,-1.0,Reinvestor — ops funding growth + returning capital
SBILIFE,2021-03,1.0,-1.0,1.0,Leveraged Growth — borrowing to invest
SBILIFE,2022-03,1.0,-1.0,-1.0,Reinvestor — ops funding growth + returning capital
SBILIFE,2023-03,1.0,-1.0,-1.0,Reinvestor — ops funding growth + returning capital
SBILIFE,2024-03,1.0,-1.0,-1.0,Reinvestor — ops funding growth + returning capital
SHREECEM,2013-06,1.0,-1.0,-1.0,Reinvestor — ops funding growth + returning capital
SHREECEM,2014-06,1.0,-1.0,-1.0,Reinvestor — ops funding growth + returning capital
SHREECEM,2015-06,1.0,-1.0,-1.0,Reinvestor — ops funding growth + returning capital
SHREECEM,2016-03,1.0,-1.0,-1.0,Reinvestor — ops funding growth + returning capital
SHREECEM,2017-03,1.0,-1.0,-1.0,Reinvestor — ops funding growth + returning capital
SHREECEM,2018-03,1.0,-1.0,1.0,Leveraged Growth — borrowing to invest
SHREECEM,2019-03,1.0,-1.0,-1.0,Reinvestor — ops funding growth + returning capital
SHREECEM,2020-03,1.0,-1.0,1.0,Leveraged Growth — borrowing to invest
SHREECEM,2021-03,1.0,-1.0,-1.0,Reinvestor — ops funding growth + returning capital
SHREECEM,2022-03,1.0,-1.0,-1.0,Reinvestor — ops funding growth + returning capital
SHREECEM,2023-03,1.0,-1.0,-1.0,Reinvestor — ops funding growth + returning capital
SHREECEM,2024-03,1.0,-1.0,-1.0,Reinvestor — ops funding growth + returning capital
SHRIRAMFIN,2013-03,-1.0,-1.0,1.0,Startup / Distress — investing while losing cash
SHRIRAMFIN,2014-03,-1.0,-1.0,1.0,Startup / Distress — investing while losing cash
SHRIRAMFIN,2015-03,-1.0,-1.0,1.0,Startup / Distress — investing while losing cash
SHRIRAMFIN,2016-03,-1.0,-1.0,1.0,Startup / Distress — investing while losing cash
SHRIRAMFIN,2017-03,-1.0,-1.0,1.0,Startup / Distress — investing while losing cash
SHRIRAMFIN,2018-03,-1.0,1.0,1.0,"Distress — burning cash, raising funds to survive"
SHRIRAMFIN,2019-03,-1.0,-1.0,1.0,Startup / Distress — investing while losing cash
SHRIRAMFIN,2020-03,-1.0,-1.0,1.0,Startup / Distress — investing while losing cash
SHRIRAMFIN,2021-03,-1.0,-1.0,1.0,Startup / Distress — investing while losing cash
SHRIRAMFIN,2022-03,-1.0,-1.0,1.0,Startup / Distress — investing while losing cash
SHRIRAMFIN,2023-03,-1.0,1.0,1.0,"Distress — burning cash, raising funds to survive"
SHRIRAMFIN,2024-03,-1.0,-1.0,1.0,Startup / Distress — investing while losing cash
SIEMENS,2011-09,1.0,1.0,-1.0,Asset Harvester — divesting + returning capital
SIEMENS,2014-09,1.0,1.0,-1.0,Asset Harvester — divesting + returning capital
SIEMENS,2015-09,1.0,1.0,-1.0,Asset Harvester — divesting + returning capital
SIEMENS,2016-09,1.0,1.0,-1.0,Asset Harvester — divesting + returning capital
SIEMENS,2017-09,1.0,1.0,-1.0,Asset Harvester — divesting + returning capital
SIEMENS,2018-09,1.0,-1.0,-1.0,Reinvestor — ops funding growth + returning capital
SIEMENS,2019-09,1.0,-1.0,-1.0,Reinvestor — ops funding growth + returning capital
SIEMENS,2020-09,1.0,1.0,-1.0,Asset Harvester — divesting + returning capital
SIEMENS,2021-09,1.0,-1.0,-1.0,Reinvestor — ops funding growth + returning capital
SIEMENS,2022-09,1.0,-1.0,-1.0,Reinvestor — ops funding growth + returning capital
SIEMENS,2023-09,1.0,-1.0,-1.0,Reinvestor — ops funding growth + returning capital
SIEMENS,2024-09,1.0,-1.0,-1.0,Reinvestor — ops funding growth + returning capital
SUNPHARMA,2013-03,1.0,-1.0,-1.0,Reinvestor — ops funding growth + returning capital
SUNPHARMA,2014-03,1.0,-1.0,1.0,Leveraged Growth — borrowing to invest
SUNPHARMA,2015-03,1.0,-1.0,-1.0,Reinvestor — ops funding growth + returning capital
SUNPHARMA,2016-03,1.0,-1.0,-1.0,Reinvestor — ops funding growth + returning capital
SUNPHARMA,2017-03,1.0,-1.0,-1.0,Reinvestor — ops funding growth + returning capital
SUNPHARMA,2018-03,1.0,-1.0,-1.0,Reinvestor — ops funding growth + returning capital
SUNPHARMA,2019-03,1.0,-1.0,-1.0,Reinvestor — ops funding growth + returning capital
SUNPHARMA,2020-03,1.0,-1.0,-1.0,Reinvestor — ops funding growth + returning capital
SUNPHARMA,2021-03,1.0,1.0,-1.0,Asset Harvester — divesting + returning capital
SUNPHARMA,2022-03,1.0,-1.0,-1.0,Reinvestor — ops funding growth + returning capital
SUNPHARMA,2023-03,1.0,-1.0,1.0,Leveraged Growth — borrowing to invest
SUNPHARMA,2024-03,1.0,-1.0,-1.0,Reinvestor — ops funding growth + returning capital
TATACONSUM,2013-03,1.0,1.0,1.0,"Cash Accumulator — ops positive, selling assets, raising funds"
TATACONSUM,2014-03,1.0,-1.0,-1.0,Reinvestor — ops funding growth + returning capital
TATACONSUM,2015-03,1.0,-1.0,-1.0,Reinvestor — ops funding growth + returning capital
TATACONSUM,2016-03,1.0,1.0,-1.0,Asset Harvester — divesting + returning capital
TATACONSUM,2017-03,1.0,1.0,-1.0,Asset Harvester — divesting + returning capital
TATACONSUM,2018-03,1.0,-1.0,-1.0,Reinvestor — ops funding growth + returning capital
TATACONSUM,2019-03,1.0,1.0,-1.0,Asset Harvester — divesting + returning capital
TATACONSUM,2020-03,1.0,-1.0,-1.0,Reinvestor — ops funding growth + returning capital
TATACONSUM,2021-03,1.0,-1.0,-1.0,Reinvestor — ops funding growth + returning capital
TATACONSUM,2022-03,1.0,-1.0,-1.0,Reinvestor — ops funding growth + returning capital
TATACONSUM,2023-03,1.0,-1.0,-1.0,Reinvestor — ops funding growth + returning capital
TATACONSUM,2024-03,1.0,-1.0,1.0,Leveraged Growth — borrowing to invest
TATAMOTORS,2013-03,1.0,-1.0,-1.0,Reinvestor — ops funding growth + returning capital
TATAMOTORS,2014-03,1.0,-1.0,-1.0,Reinvestor — ops funding growth + returning capital
TATAMOTORS,2015-03,1.0,-1.0,1.0,Leveraged Growth — borrowing to invest
TATAMOTORS,2016-03,1.0,-1.0,-1.0,Reinvestor — ops funding growth + returning capital
TATAMOTORS,2017-03,1.0,-1.0,1.0,Leveraged Growth — borrowing to invest
TATAMOTORS,2018-03,1.0,-1.0,1.0,Leveraged Growth — borrowing to invest
TATAMOTORS,2019-03,1.0,-1.0,1.0,Leveraged Growth — borrowing to invest
TATAMOTORS,2020-03,1.0,-1.0,1.0,Leveraged Growth — borrowing to invest
TATAMOTORS,2021-03,1.0,-1.0,1.0,Leveraged Growth — borrowing to invest
TATAMOTORS,2022-03,1.0,-1.0,-1.0,Reinvestor — ops funding growth + returning capital
TATAMOTORS,2023-03,1.0,-1.0,-1.0,Reinvestor — ops funding growth + returning capital
TATAMOTORS,2024-03,1.0,-1.0,-1.0,Reinvestor — ops funding growth + returning capital
TATAPOWER,2013-03,1.0,-1.0,-1.0,Reinvestor — ops funding growth + returning capital
TATAPOWER,2014-03,1.0,-1.0,-1.0,Reinvestor — ops funding growth + returning capital
TATAPOWER,2015-03,1.0,-1.0,-1.0,Reinvestor — ops funding growth + returning capital
TATAPOWER,2016-03,1.0,-1.0,-1.0,Reinvestor — ops funding growth + returning capital
TATAPOWER,2017-03,1.0,-1.0,1.0,Leveraged Growth — borrowing to invest
TATAPOWER,2018-03,1.0,-1.0,-1.0,Reinvestor — ops funding growth + returning capital
TATAPOWER,2019-03,1.0,-1.0,-1.0,Reinvestor — ops funding growth + returning capital
TATAPOWER,2020-03,1.0,-1.0,-1.0,Reinvestor — ops funding growth + returning capital
TATAPOWER,2021-03,1.0,1.0,-1.0,Asset Harvester — divesting + returning capital
TATAPOWER,2022-03,1.0,-1.0,-1.0,Reinvestor — ops funding growth + returning capital
TATAPOWER,2023-03,1.0,-1.0,1.0,Leveraged Growth — borrowing to invest
TATAPOWER,2024-03,1.0,-1.0,-1.0,Reinvestor — ops funding growth + returning capital
TATASTEEL,2013-03,1.0,-1.0,-1.0,Reinvestor — ops funding growth + returning capital
TATASTEEL,2014-03,1.0,-1.0,1.0,Leveraged Growth — borrowing to invest
TATASTEEL,2015-03,1.0,-1.0,-1.0,Reinvestor — ops funding growth + returning capital
TATASTEEL,2016-03,1.0,-1.0,-1.0,Reinvestor — ops funding growth + returning capital
TATASTEEL,2017-03,1.0,-1.0,-1.0,Reinvestor — ops funding growth + returning capital
TATASTEEL,2018-03,1.0,-1.0,1.0,Leveraged Growth — borrowing to invest
TATASTEEL,2019-03,1.0,-1.0,-1.0,Reinvestor — ops funding growth + returning capital
TATASTEEL,2020-03,1.0,-1.0,-1.0,Reinvestor — ops funding growth + returning capital
TATASTEEL,2021-03,1.0,-1.0,-1.0,Reinvestor — ops funding growth + returning capital
TATASTEEL,2022-03,1.0,-1.0,-1.0,Reinvestor — ops funding growth + returning capital
TATASTEEL,2023-03,1.0,-1.0,-1.0,Reinvestor — ops funding growth + returning capital
TATASTEEL,2024-03,1.0,-1.0,-1.0,Reinvestor — ops funding growth + returning capital
TCS,2013-03,1.0,-1.0,-1.0,Reinvestor — ops funding growth + returning capital
TCS,2014-03,1.0,-1.0,-1.0,Reinvestor — ops funding growth + returning capital
TCS,2015-03,1.0,-1.0,-1.0,Reinvestor — ops funding growth + returning capital
TCS,2016-03,1.0,-1.0,-1.0,Reinvestor — ops funding growth + returning capital
TCS,2017-03,1.0,-1.0,-1.0,Reinvestor — ops funding growth + returning capital
TCS,2018-03,1.0,1.0,-1.0,Asset Harvester — divesting + returning capital
TCS,2019-03,1.0,1.0,-1.0,Asset Harvester — divesting + returning capital
TCS,2020-03,1.0,1.0,-1.0,Asset Harvester — divesting + returning capital
TCS,2021-03,1.0,-1.0,-1.0,Reinvestor — ops funding growth + returning capital
TCS,2022-03,1.0,-1.0,-1.0,Reinvestor — ops funding growth + returning capital
TCS,2023-03,1.0,1.0,-1.0,Asset Harvester — divesting + returning capital
TCS,2024-03,1.0,1.0,-1.0,Asset Harvester — divesting + returning capital
TECHM,2013-03,1.0,-1.0,1.0,Leveraged Growth — borrowing to invest
TECHM,2014-03,1.0,1.0,-1.0,Asset Harvester — divesting + returning capital
TECHM,2015-03,1.0,-1.0,-1.0,Reinvestor — ops funding growth + returning capital
TECHM,2016-03,1.0,-1.0,-1.0,Reinvestor — ops funding growth + returning capital
TECHM,2017-03,1.0,-1.0,-1.0,Reinvestor — ops funding growth + returning capital
TECHM,2018-03,1.0,-1.0,-1.0,Reinvestor — ops funding growth + returning capital
TECHM,2019-03,1.0,-1.0,-1.0,Reinvestor — ops funding growth + returning capital
TECHM,2020-03,1.0,1.0,-1.0,Asset Harvester — divesting + returning capital
TECHM,2021-03,1.0,-1.0,-1.0,Reinvestor — ops funding growth + returning capital
TECHM,2022-03,1.0,1.0,-1.0,Asset Harvester — divesting + returning capital
TECHM,2023-03,1.0,-1.0,-1.0,Reinvestor — ops funding growth + returning capital
TECHM,2024-03,1.0,-1.0,-1.0,Reinvestor — ops funding growth + returning capital
TITAN,2013-03,1.0,-1.0,-1.0,Reinvestor — ops funding growth + returning capital
TITAN,2014-03,-1.0,-1.0,1.0,Startup / Distress — investing while losing cash
TITAN,2015-03,1.0,-1.0,-1.0,Reinvestor — ops funding growth + returning capital
TITAN,2016-03,1.0,-1.0,-1.0,Reinvestor — ops funding growth + returning capital
TITAN,2017-03,1.0,-1.0,-1.0,Reinvestor — ops funding growth + returning capital
TITAN,2018-03,-1.0,1.0,-1.0,Restructuring — selling assets to repay debt
TITAN,2019-03,1.0,-1.0,-1.0,Reinvestor — ops funding growth + returning capital
TITAN,2020-03,-1.0,1.0,-1.0,Restructuring — selling assets to repay debt
TITAN,2021-03,1.0,-1.0,-1.0,Reinvestor — ops funding growth + returning capital
TITAN,2022-03,-1.0,1.0,-1.0,Restructuring — selling assets to repay debt
TITAN,2023-03,1.0,-1.0,1.0,Leveraged Growth — borrowing to invest
TITAN,2024-03,1.0,-1.0,-1.0,Reinvestor — ops funding growth + returning capital
TORNTPHARM,2013-03,1.0,-1.0,1.0,Leveraged Growth — borrowing to invest
TORNTPHARM,2014-03,1.0,-1.0,1.0,Leveraged Growth — borrowing to invest
TORNTPHARM,2015-03,1.0,-1.0,1.0,Leveraged Growth — borrowing to invest
TORNTPHARM,2016-03,1.0,-1.0,-1.0,Reinvestor — ops funding growth + returning capital
TORNTPHARM,2017-03,1.0,-1.0,-1.0,Reinvestor — ops funding growth + returning capital
TORNTPHARM,2018-03,1.0,-1.0,1.0,Leveraged Growth — borrowing to invest
TORNTPHARM,2019-03,1.0,-1.0,-1.0,Reinvestor — ops funding growth + returning capital
TORNTPHARM,2020-03,1.0,1.0,-1.0,Asset Harvester — divesting + returning capital
TORNTPHARM,2021-03,1.0,-1.0,-1.0,Reinvestor — ops funding growth + returning capital
TORNTPHARM,2022-03,1.0,-1.0,-1.0,Reinvestor — ops funding growth + returning capital
TORNTPHARM,2023-03,1.0,-1.0,1.0,Leveraged Growth — borrowing to invest
TORNTPHARM,2024-03,1.0,-1.0,-1.0,Reinvestor — ops funding growth + returning capital
TRENT,2013-03,1.0,-1.0,1.0,Leveraged Growth — borrowing to invest
TRENT,2014-03,-1.0,-1.0,-1.0,Deep Distress — negative on all three flows
TRENT,2015-03,-1.0,-1.0,1.0,Startup / Distress — investing while losing cash
TRENT,2016-03,1.0,-1.0,-1.0,Reinvestor — ops funding growth + returning capital
TRENT,2017-03,1.0,-1.0,-1.0,Reinvestor — ops funding growth + returning capital
TRENT,2018-03,1.0,-1.0,-1.0,Reinvestor — ops funding growth + returning capital
TRENT,2019-03,1.0,-1.0,1.0,Leveraged Growth — borrowing to invest
TRENT,2020-03,1.0,-1.0,1.0,Leveraged Growth — borrowing to invest
TRENT,2021-03,1.0,1.0,-1.0,Asset Harvester — divesting + returning capital
TRENT,2022-03,1.0,1.0,-1.0,Asset Harvester — divesting + returning capital
TRENT,2023-03,1.0,-1.0,-1.0,Reinvestor — ops funding growth + returning capital
TRENT,2024-03,1.0,-1.0,-1.0,Reinvestor — ops funding growth + returning capital
TVSMOTOR,2013-03,1.0,-1.0,-1.0,Reinvestor — ops funding growth + returning capital
TVSMOTOR,2014-03,1.0,-1.0,-1.0,Reinvestor — ops funding growth + returning capital
TVSMOTOR,2015-03,1.0,-1.0,1.0,Leveraged Growth — borrowing to invest
TVSMOTOR,2016-03,1.0,-1.0,-1.0,Reinvestor — ops funding growth + returning capital
TVSMOTOR,2017-03,1.0,-1.0,-1.0,Reinvestor — ops funding growth + returning capital
TVSMOTOR,2018-03,1.0,-1.0,1.0,Leveraged Growth — borrowing to invest
TVSMOTOR,2019-03,-1.0,-1.0,1.0,Startup / Distress — investing while losing cash
TVSMOTOR,2020-03,1.0,-1.0,1.0,Leveraged Growth — borrowing to invest
TVSMOTOR,2021-03,1.0,-1.0,1.0,Leveraged Growth — borrowing to invest
TVSMOTOR,2022-03,-1.0,-1.0,1.0,Startup / Distress — investing while losing cash
TVSMOTOR,2023-03,-1.0,-1.0,1.0,Startup / Distress — investing while losing cash
TVSMOTOR,2024-03,-1.0,-1.0,1.0,Startup / Distress — investing while losing cash
INDIGO,2013-03,1.0,-1.0,1.0,Leveraged Growth — borrowing to invest
INDIGO,2014-03,1.0,-1.0,1.0,Leveraged Growth — borrowing to invest
INDIGO,2015-03,1.0,-1.0,-1.0,Reinvestor — ops funding growth + returning capital
INDIGO,2016-03,1.0,-1.0,-1.0,Reinvestor — ops funding growth + returning capital
INDIGO,2017-03,1.0,-1.0,-1.0,Reinvestor — ops funding growth + returning capital
INDIGO,2018-03,1.0,-1.0,1.0,Leveraged Growth — borrowing to invest
INDIGO,2019-03,1.0,-1.0,-1.0,Reinvestor — ops funding growth + returning capital
INDIGO,2020-03,1.0,-1.0,-1.0,Reinvestor — ops funding growth + returning capital
INDIGO,2021-03,-1.0,1.0,-1.0,Restructuring — selling assets to repay debt
INDIGO,2022-03,1.0,1.0,-1.0,Asset Harvester — divesting + returning capital
INDIGO,2023-03,1.0,-1.0,-1.0,Reinvestor — ops funding growth + returning capital
INDIGO,2024-03,1.0,-1.0,-1.0,Reinvestor — ops funding growth + returning capital
